username,created_at,likes,comments,shares,views,engagement_rate,post_date,posts_per_day,views_per_video,likes_per_video,comments_per_video,hour,weekday
661._miaa,2024-09-16 17:56:17+00:00,183900,329,3361,826700,0.2269142373291399,2024-09-16,1,826700.0,183900.0,329.0,17,Monday
nightmoonxyz,2025-04-23 04:25:50+00:00,2391,99,118,48600,0.0536625514403292,2025-04-23,1,48600.0,2391.0,99.0,4,Wednesday
fyp,2025-12-24 18:18:20+00:00,1504,16,21,42700,0.0360889929742388,2025-12-24,1,42700.0,1504.0,16.0,18,Wednesday
ljubicaastevic,2025-08-21 23:49:04+00:00,744,83,44,33600,0.025922619047619,2025-08-21,1,33600.0,744.0,83.0,23,Thursday
franncchii,2025-03-14 03:31:55+00:00,1633,106,59,136400,0.0131818181818181,2025-03-14,1,136400.0,1633.0,106.0,3,Friday
officialmrkebs24,2023-02-22 01:34:52+00:00,4623,26,127,42600,0.112112676056338,2023-02-22,1,42600.0,4623.0,26.0,1,Wednesday
princessna_lx,2025-06-14 07:14:20+00:00,118,10,9,3302,0.0414900060569351,2025-06-14,1,3302.0,118.0,10.0,7,Saturday
coopahahah,2025-12-26 22:51:30+00:00,80,33,10,424,0.2900943396226415,2025-12-26,1,424.0,80.0,33.0,22,Friday
ramariahalexia,2024-05-26 21:57:06+00:00,249700,168,2928,1200000,0.2106633333333333,2024-05-26,1,1200000.0,249700.0,168.0,21,Sunday
alicheeser,2025-12-26 22:54:58+00:00,63,5,0,2326,0.0292347377472055,2025-12-26,1,2326.0,63.0,5.0,22,Friday
btchdatsleah,2025-12-26 22:39:25+00:00,3,0,0,15,0.2,2025-12-26,1,15.0,3.0,0.0,22,Friday
nightmoonxyz,2025-05-07 14:42:39+00:00,906,51,75,21500,0.048,2025-05-07,1,21500.0,906.0,51.0,14,Wednesday
garciety,2022-01-04 01:01:05+00:00,65400,274,202,821200,0.0802191914271797,2022-01-04,1,821200.0,65400.0,274.0,1,Tuesday
davidledgerr,2021-12-30 00:55:14+00:00,58900,134,189,812600,0.0728808761998523,2021-12-30,1,812600.0,58900.0,134.0,0,Thursday
isabellaacruzz,2021-12-29 22:56:00+00:00,24000,82,74,359300,0.0672307264124686,2021-12-29,1,359300.0,24000.0,82.0,22,Wednesday
laupapalardo,2021-12-21 23:11:13+00:00,233800,1277,284,1500000,0.1569073333333333,2021-12-21,1,1500000.0,233800.0,1277.0,23,Tuesday
malebaquero,2021-12-21 13:08:40+00:00,72300,168,138,826200,0.0878794480755265,2021-12-21,1,826200.0,72300.0,168.0,13,Tuesday
malebaquero,2021-12-20 00:37:25+00:00,27200,115,54,387200,0.0706844008264462,2021-12-20,1,387200.0,27200.0,115.0,0,Monday
felicavieres,2022-01-03 15:37:14+00:00,32500,264,109,348300,0.0943812805053115,2022-01-03,1,348300.0,32500.0,264.0,15,Monday
esperanzahanccos,2021-12-29 05:43:52+00:00,22300,321,175,854700,0.0266713466713466,2021-12-29,1,854700.0,22300.0,321.0,5,Wednesday
malebaquero,2022-01-05 15:45:10+00:00,27500,79,30,316900,0.0871221205427579,2022-01-05,1,316900.0,27500.0,79.0,15,Wednesday
larahubsc,2021-12-29 00:45:29+00:00,137800,231,144,918000,0.1505174291938998,2021-12-29,1,918000.0,137800.0,231.0,0,Wednesday
sergio_el_waso,2022-01-01 16:24:26+00:00,15400,133,116,264400,0.0591868381240544,2022-01-01,1,264400.0,15400.0,133.0,16,Saturday
maratonyatraccion,2022-01-05 15:26:23+00:00,41800,97,34,338300,0.1239462015962163,2022-01-05,1,338300.0,41800.0,97.0,15,Wednesday
majolis,2022-01-06 17:17:50+00:00,66100,212,92,657600,0.1009793187347931,2022-01-06,1,657600.0,66100.0,212.0,17,Thursday
planesconyess,2022-01-04 16:23:32+00:00,104200,369,208,1000000,0.104777,2022-01-04,1,1000000.0,104200.0,369.0,16,Tuesday
luudelaguila,2022-01-04 15:24:58+00:00,28900,118,119,270000,0.1079148148148148,2022-01-04,1,270000.0,28900.0,118.0,15,Tuesday
isabellacuevaa,2021-12-28 20:01:14+00:00,21000,60,53,169500,0.1245604719764011,2021-12-28,1,169500.0,21000.0,60.0,20,Tuesday
johananana,2021-11-24 03:51:00+00:00,37100,173,160,428700,0.0873174714252391,2021-11-24,1,428700.0,37100.0,173.0,3,Wednesday
vichognzza,2021-11-14 23:24:16+00:00,70600,242,355,578100,0.1231568932710603,2021-11-14,1,578100.0,70600.0,242.0,23,Sunday
marianocalvera,2021-12-01 01:21:41+00:00,27500,146,60,332700,0.0832762248271716,2021-12-01,1,332700.0,27500.0,146.0,1,Wednesday
alejandrogavilan8,2021-11-24 03:07:28+00:00,11200,121,132,287500,0.0398365217391304,2021-11-24,1,287500.0,11200.0,121.0,3,Wednesday
totichemi,2021-11-28 18:50:44+00:00,102500,288,257,636800,0.1618168969849246,2021-11-28,1,636800.0,102500.0,288.0,18,Sunday
hijo_de_la_tierra,2021-11-16 23:50:19+00:00,91500,724,248,1400000,0.0660514285714285,2021-11-16,1,1400000.0,91500.0,724.0,23,Tuesday
kly.wu,2025-07-28 15:23:09+00:00,9971,93,189,79100,0.1296207332490518,2025-07-28,1,79100.0,9971.0,93.0,15,Monday
iranaretzz,2025-09-29 10:40:57+00:00,25000,125,4923,1100000,0.0273163636363636,2025-09-29,1,1100000.0,25000.0,125.0,10,Monday
simplyprettyy,2025-12-25 19:15:42+00:00,4060,16,21,17800,0.2301685393258427,2025-12-25,1,17800.0,4060.0,16.0,19,Thursday
ksuzzz3,2025-12-25 10:15:16+00:00,11300,68,78,103600,0.1104826254826254,2025-12-25,1,103600.0,11300.0,68.0,10,Thursday
lisi.shops,2025-12-25 20:56:56+00:00,175200,445,791,1000000,0.176436,2025-12-25,1,1000000.0,175200.0,445.0,20,Thursday
annika.stevie,2025-12-26 03:28:19+00:00,6294,22,32,33000,0.1923636363636363,2025-12-26,1,33000.0,6294.0,22.0,3,Friday
khani.trendy,2025-12-26 03:45:40+00:00,104800,372,1169,394300,0.2696956632006086,2025-12-26,1,394300.0,104800.0,372.0,3,Friday
lanaisaaa,2025-12-26 03:49:27+00:00,26500,441,154,762200,0.03554841249016,2025-12-26,1,762200.0,26500.0,441.0,3,Friday
dashemew_,2025-12-21 19:42:26+00:00,14100,118,118,124900,0.1147798238590872,2025-12-21,1,124900.0,14100.0,118.0,19,Sunday
everebmannn,2025-12-26 14:35:00+00:00,267,0,1,1738,0.1542002301495972,2025-12-26,1,1738.0,267.0,0.0,14,Friday
lulltv,2025-12-25 16:57:11+00:00,18000,337,696,333800,0.0570191731575793,2025-12-25,1,333800.0,18000.0,337.0,16,Thursday
jaswinterr,2025-12-13 21:55:32+00:00,35400,110,454,184900,0.194505137912385,2025-12-13,1,184900.0,35400.0,110.0,21,Saturday
babydollay7,2025-12-15 23:02:38+00:00,47600,215,1384,162300,0.3031361675908811,2025-12-15,1,162300.0,47600.0,215.0,23,Monday
thenoellekate,2025-12-25 15:58:46+00:00,5982,34,13,25700,0.2345914396887159,2025-12-25,1,25700.0,5982.0,34.0,15,Thursday
obr_macha,2025-12-25 11:32:05+00:00,3162,11,45,10100,0.3186138613861386,2025-12-25,1,10100.0,3162.0,11.0,11,Thursday
geminivlogss,2025-12-17 00:17:44+00:00,4521,40,66,25900,0.1786486486486486,2025-12-17,1,25900.0,4521.0,40.0,0,Wednesday
mckennasalazar,2025-11-14 02:11:10+00:00,104300,637,2793,659000,0.1634749620637329,2025-11-14,1,659000.0,104300.0,637.0,2,Friday
jordankerrr,2025-12-19 21:44:15+00:00,5450,33,31,41600,0.1325480769230769,2025-12-19,1,41600.0,5450.0,33.0,21,Friday
mayachanel111,2025-12-26 16:28:31+00:00,1647,28,8,5932,0.2837154416722859,2025-12-26,1,5932.0,1647.0,28.0,16,Friday
softly.jali,2025-12-26 14:56:02+00:00,2398,37,60,6829,0.3653536388929565,2025-12-26,1,6829.0,2398.0,37.0,14,Friday
alondra.leneisha,2025-12-25 15:05:56+00:00,73300,401,765,407500,0.1827386503067484,2025-12-25,1,407500.0,73300.0,401.0,15,Thursday
iwantcandy77,2025-12-26 14:11:31+00:00,14100,61,73,88000,0.16175,2025-12-26,1,88000.0,14100.0,61.0,14,Friday
nicolelaeno,2025-12-26 20:17:34+00:00,6734,75,8,29900,0.2279933110367893,2025-12-26,1,29900.0,6734.0,75.0,20,Friday
isabelledittrick,2025-12-26 15:18:04+00:00,71,3,0,629,0.1176470588235294,2025-12-26,1,629.0,71.0,3.0,15,Friday
sydneyconverse,2025-03-03 18:16:23+00:00,23900,685,3018,596100,0.0463059889280322,2025-03-03,1,596100.0,23900.0,685.0,18,Monday
officialmrkebs24,2023-02-16 13:41:13+00:00,5351,191,594,167300,0.03667662881052,2023-02-16,1,167300.0,5351.0,191.0,13,Thursday
danouewely,2025-12-24 16:29:31+00:00,403,87,8,3575,0.1393006993006993,2025-12-24,1,3575.0,403.0,87.0,16,Wednesday
kimdub26,2025-12-24 17:07:10+00:00,64,15,5,2566,0.0327357755261106,2025-12-24,1,2566.0,64.0,15.0,17,Wednesday
matiana.rodriguez8,2025-12-09 00:12:17+00:00,5,1,0,1148,0.0052264808362369,2025-12-09,1,1148.0,5.0,1.0,0,Tuesday
user172793939917,2025-02-13 00:10:02+00:00,109,9,2,1565,0.0766773162939297,2025-02-13,1,1565.0,109.0,9.0,0,Thursday
aarimonaee,2024-02-15 02:26:50+00:00,219300,720,1747,1500000,0.1478446666666666,2024-02-15,1,1500000.0,219300.0,720.0,2,Thursday
dareksoul,2024-04-27 13:42:37+00:00,64300,98,233,941700,0.0686322608049272,2024-04-27,1,941700.0,64300.0,98.0,13,Saturday
skizzy666,2023-09-05 23:37:48+00:00,128700,723,5342,1200000,0.1123041666666666,2023-09-05,1,1200000.0,128700.0,723.0,23,Tuesday
juttsaab.2049,2025-12-24 15:38:37+00:00,61,4,0,202,0.3217821782178218,2025-12-24,1,202.0,61.0,4.0,15,Wednesday
queen_egirll27,2024-10-18 20:11:09+00:00,97600,426,6410,1100000,0.0949418181818181,2024-10-18,1,1100000.0,97600.0,426.0,20,Friday
sunainamemon8,2025-12-24 15:23:28+00:00,1685,162,20,6860,0.2721574344023323,2025-12-24,1,6860.0,1685.0,162.0,15,Wednesday
ondro.va,2025-12-23 10:35:41+00:00,126500,207,3632,931900,0.1398637192831849,2025-12-23,1,931900.0,126500.0,207.0,10,Tuesday
hearts2miraaa,2025-12-23 19:53:35+00:00,32300,157,2837,197800,0.178432760364004,2025-12-23,1,197800.0,32300.0,157.0,19,Tuesday
viralmarketingagency,2024-11-07 04:04:30+00:00,67000,905,3040,717800,0.0988367233212594,2024-11-07,1,717800.0,67000.0,905.0,4,Thursday
gld_anni,2025-12-24 15:30:45+00:00,9156,27,503,84300,0.1148991696322657,2025-12-24,1,84300.0,9156.0,27.0,15,Wednesday
user..goneeee,2025-12-25 00:03:36+00:00,1763,83,219,12000,0.1720833333333333,2025-12-25,1,12000.0,1763.0,83.0,0,Thursday
user9843780532,2025-12-24 15:28:43+00:00,1114,68,9,4974,0.2394451145958986,2025-12-24,1,4974.0,1114.0,68.0,15,Wednesday
ik804loverr,2025-10-10 21:28:07+00:00,2851,163,810,315100,0.0121358298952713,2025-10-10,1,315100.0,2851.0,163.0,21,Friday
go.viral.666,2025-09-02 21:07:15+00:00,1809,535,258,132500,0.0196377358490566,2025-09-02,1,132500.0,1809.0,535.0,21,Tuesday
jair.gonzalezz,2022-04-02 18:53:39+00:00,36700,60,49,724900,0.0507780383501172,2022-04-02,1,724900.0,36700.0,60.0,18,Saturday
1.v197,2025-12-21 10:57:43+00:00,2684,63,102,34300,0.0830612244897959,2025-12-21,1,34300.0,2684.0,63.0,10,Sunday
my.ns01,2025-08-19 10:49:07+00:00,14200,172,590,203600,0.0734872298624754,2025-08-19,1,203600.0,14200.0,172.0,10,Tuesday
richardino69,2025-07-21 15:15:46+00:00,35500,715,3067,240500,0.1633347193347193,2025-07-21,1,240500.0,35500.0,715.0,15,Monday
viral_logs946,2025-12-20 15:11:49+00:00,18100,225,1208,1500000,0.013022,2025-12-20,1,1500000.0,18100.0,225.0,15,Saturday
ashxyqw.0,2025-07-08 11:51:10+00:00,7184,25,293,65800,0.1140121580547112,2025-07-08,1,65800.0,7184.0,25.0,11,Tuesday
zoeyhope.official,2025-02-01 14:35:12+00:00,19900,195,268,352800,0.0577182539682539,2025-02-01,1,352800.0,19900.0,195.0,14,Saturday
slimbabylyss,2025-12-23 01:28:26+00:00,235,3,6,4311,0.0565993968916724,2025-12-23,1,4311.0,235.0,3.0,1,Tuesday
veritoaguassss,2025-12-09 02:26:11+00:00,24700,159,315,225600,0.1115868794326241,2025-12-09,1,225600.0,24700.0,159.0,2,Tuesday
marilen4_tz,2025-08-27 19:52:27+00:00,1117,94,26,8392,0.1474022878932316,2025-08-27,1,8392.0,1117.0,94.0,19,Wednesday
onechikiii,2024-05-10 18:33:08+00:00,46400,606,4909,896600,0.0579020745036805,2024-05-10,1,896600.0,46400.0,606.0,18,Friday
diorb4e__,2025-08-08 14:48:42+00:00,30700,56,718,231300,0.1360743623000432,2025-08-08,1,231300.0,30700.0,56.0,14,Friday
uchiha.29m,2025-02-06 16:01:38+00:00,14400,78,404,158700,0.0937744171392564,2025-02-06,1,158700.0,14400.0,78.0,16,Thursday
sweetnthicc,2025-12-26 22:53:59+00:00,9,2,0,50,0.22,2025-12-26,1,50.0,9.0,2.0,22,Friday
nior_q19,2025-12-15 19:07:18+00:00,50300,167,2696,342900,0.1550393700787401,2025-12-15,1,342900.0,50300.0,167.0,19,Monday
viralmarketingagency,2024-11-09 07:41:49+00:00,94700,926,4211,1000000,0.099837,2024-11-09,1,1000000.0,94700.0,926.0,7,Saturday
go.viral.666,2025-08-19 08:18:38+00:00,1332,140,33,68700,0.0219068413391557,2025-08-19,1,68700.0,1332.0,140.0,8,Tuesday
emma.mullahi,2025-12-14 09:29:30+00:00,28000,92,539,141200,0.2027691218130311,2025-12-14,1,141200.0,28000.0,92.0,9,Sunday
tizigurevichh,2025-05-18 22:26:22+00:00,412,98,9,29400,0.0176530612244897,2025-05-18,1,29400.0,412.0,98.0,22,Sunday
landonn149,2025-10-27 21:07:58+00:00,41800,559,599,281800,0.1524414478353442,2025-10-27,1,281800.0,41800.0,559.0,21,Monday
uchiha.29m,2025-10-22 08:14:35+00:00,17400,96,391,168800,0.1059656398104265,2025-10-22,1,168800.0,17400.0,96.0,8,Wednesday
shakila.moon.usa,2025-12-26 22:55:39+00:00,12,1,0,145,0.0896551724137931,2025-12-26,1,145.0,12.0,1.0,22,Friday
jakegoodmanmd,2021-08-15 21:00:20+00:00,30800,360,1354,416900,0.0779899256416406,2021-08-15,1,416900.0,30800.0,360.0,21,Sunday
doctor.mark,2021-08-23 10:23:56+00:00,86900,721,579,609200,0.1447800393959291,2021-08-23,1,609200.0,86900.0,721.0,10,Monday
itsangelicageorges,2021-08-16 01:30:24+00:00,97000,278,1135,596900,0.1648735131512816,2021-08-16,1,596900.0,97000.0,278.0,1,Monday
thesecrethistoryofhallie,2021-08-23 04:05:08+00:00,89900,258,461,434600,0.2085112747353888,2021-08-23,1,434600.0,89900.0,258.0,4,Monday
celine.handoko,2021-09-08 03:54:54+00:00,32600,163,257,470000,0.0702553191489361,2021-09-08,1,470000.0,32600.0,163.0,3,Wednesday
whitecoatpending,2021-08-26 16:07:32+00:00,136800,381,2656,640500,0.2183247462919594,2021-08-26,1,640500.0,136800.0,381.0,16,Thursday
averiebishop,2021-08-21 21:17:53+00:00,35200,102,485,267000,0.1340337078651685,2021-08-21,1,267000.0,35200.0,102.0,21,Saturday
registerednurserhae,2021-08-21 16:40:12+00:00,25600,77,1634,270900,0.1008157991878922,2021-08-21,1,270900.0,25600.0,77.0,16,Saturday
drkenialeon,2021-09-11 14:09:51+00:00,38300,130,416,344600,0.1127278003482298,2021-09-11,1,344600.0,38300.0,130.0,14,Saturday
ericassleepyhollow,2021-09-11 00:58:42+00:00,55400,270,689,262400,0.2147827743902439,2021-09-11,1,262400.0,55400.0,270.0,0,Saturday
bikiniisandbelliniis,2021-09-12 02:54:11+00:00,100300,194,291,607200,0.1659832015810276,2021-09-12,1,607200.0,100300.0,194.0,2,Sunday
studyweve,2025-12-12 20:48:32+00:00,92000,152,2000,436900,0.2155001144426642,2025-12-12,1,436900.0,92000.0,152.0,20,Friday
studyingwithshrisha,2025-12-15 14:03:55+00:00,55300,94,434,189300,0.294918119387216,2025-12-15,1,189300.0,55300.0,94.0,14,Monday
eemlyy,2025-12-14 19:14:09+00:00,25400,43,390,110900,0.2329395852119026,2025-12-14,1,110900.0,25400.0,43.0,19,Sunday
sei__on,2025-12-15 09:01:17+00:00,59200,236,1854,216500,0.283094688221709,2025-12-15,1,216500.0,59200.0,236.0,9,Monday
itsherweng_,2025-12-13 23:08:23+00:00,76000,159,3244,483100,0.1643614158559304,2025-12-13,1,483100.0,76000.0,159.0,23,Saturday
laeticiahh,2025-12-03 20:39:46+00:00,17100,65,585,137600,0.1289970930232558,2025-12-03,1,137600.0,17100.0,65.0,20,Wednesday
aleksandrahoeye,2025-12-15 21:03:05+00:00,10700,12,181,51300,0.2123391812865497,2025-12-15,1,51300.0,10700.0,12.0,21,Monday
noelia_moore,2025-12-16 15:43:14+00:00,57600,98,1260,206400,0.2856492248062015,2025-12-16,1,206400.0,57600.0,98.0,15,Tuesday
secret.study.acc,2025-12-16 13:18:07+00:00,33900,157,754,153500,0.2267817589576547,2025-12-16,1,153500.0,33900.0,157.0,13,Tuesday
artofsmartedu,2021-07-14 09:05:41+00:00,38000,315,620,183900,0.2117183251767264,2021-07-14,1,183900.0,38000.0,315.0,9,Wednesday
fahad_teaches,2021-08-26 07:10:53+00:00,27300,164,187,188100,0.1470015948963317,2021-08-26,1,188100.0,27300.0,164.0,7,Thursday
lozdogzz,2021-08-05 10:29:58+00:00,6842,42,339,78300,0.0922477650063856,2021-08-05,1,78300.0,6842.0,42.0,10,Thursday
rubyyydoobyy,2021-07-22 08:34:50+00:00,5074,114,97,80500,0.0656521739130434,2021-07-22,1,80500.0,5074.0,114.0,8,Thursday
artofsmartedu,2021-07-01 04:22:44+00:00,7305,184,243,59700,0.1295142378559464,2021-07-01,1,59700.0,7305.0,184.0,4,Thursday
jufmlg,2021-09-22 17:03:05+00:00,14900,240,301,415500,0.0371624548736462,2021-09-22,1,415500.0,14900.0,240.0,17,Wednesday
newams_,2021-09-16 11:25:08+00:00,4419,128,35,133300,0.0343735933983495,2021-09-16,1,133300.0,4419.0,128.0,11,Thursday
jufmlg,2021-09-16 14:24:03+00:00,2621,41,113,58000,0.0478448275862068,2021-09-16,1,58000.0,2621.0,41.0,14,Thursday
lauryn.kyle0,2025-04-19 04:23:04+00:00,76100,542,4664,1400000,0.0580757142857142,2025-04-19,1,1400000.0,76100.0,542.0,4,Saturday
ella_helmi_twins,2025-10-07 04:40:58+00:00,32200,98,1559,413200,0.0819385285575992,2025-10-07,1,413200.0,32200.0,98.0,4,Tuesday
asiakertusha_,2025-12-07 20:34:46+00:00,5300,10,249,85800,0.0647902097902097,2025-12-07,1,85800.0,5300.0,10.0,20,Sunday
mariilenaa.aa,2025-11-14 21:07:21+00:00,3341,115,95,128600,0.0276127527216174,2025-11-14,1,128600.0,3341.0,115.0,21,Friday
laraaizzz,2025-07-16 17:42:27+00:00,3649,56,737,32800,0.1354268292682927,2025-07-16,1,32800.0,3649.0,56.0,17,Wednesday
lluna.zwombie,2025-05-05 17:43:47+00:00,3895,57,146,74100,0.0553036437246963,2025-05-05,1,74100.0,3895.0,57.0,17,Monday
parisowyang_,2025-10-18 22:14:57+00:00,12600,256,486,529200,0.0252116402116402,2025-10-18,1,529200.0,12600.0,256.0,22,Saturday
asthetic_qeens0,2025-12-20 14:49:51+00:00,11700,74,367,218200,0.0556416131989,2025-12-20,1,218200.0,11700.0,74.0,14,Saturday
petopia27,2025-08-07 21:46:18+00:00,4615,133,226,673300,0.0073874944304173,2025-08-07,1,673300.0,4615.0,133.0,21,Thursday
nourfahaam,2025-08-06 15:11:12+00:00,1003,109,17,1400000,0.0008064285714285,2025-08-06,1,1400000.0,1003.0,109.0,15,Wednesday
lu12na00,2025-09-21 15:26:17+00:00,1243,40,45,31700,0.0418927444794952,2025-09-21,1,31700.0,1243.0,40.0,15,Sunday
.life_is_short,2025-11-09 23:28:57+00:00,1616,76,120,330500,0.005482602118003,2025-11-09,1,330500.0,1616.0,76.0,23,Sunday
funnyboy1.5,2025-09-10 07:58:51+00:00,2602,408,143,334600,0.0094231918708906,2025-09-10,1,334600.0,2602.0,408.0,7,Wednesday
jordana.aaahhh,2025-05-15 11:26:17+00:00,622,10,4,10700,0.0594392523364485,2025-05-15,1,10700.0,622.0,10.0,11,Thursday
jrakedaily,2025-10-30 18:41:13+00:00,881,25,30,131600,0.007112462006079,2025-10-30,1,131600.0,881.0,25.0,18,Thursday
ne.linkaa._,2025-01-30 12:03:31+00:00,9013,260,487,352200,0.0277115275411697,2025-01-30,1,352200.0,9013.0,260.0,12,Thursday
kreppyfazta,2025-06-13 01:26:21+00:00,893,190,622,116300,0.0146603611349957,2025-06-13,1,116300.0,893.0,190.0,1,Friday
_oliviafischer_,2025-08-02 17:12:37+00:00,1343,81,21,87500,0.0165142857142857,2025-08-02,1,87500.0,1343.0,81.0,17,Saturday
evil70302,2025-11-15 15:19:37+00:00,5371,241,200,102100,0.0569245837414299,2025-11-15,1,102100.0,5371.0,241.0,15,Saturday
studywithhannaah,2025-12-09 02:47:20+00:00,58800,113,1324,223900,0.2690352836087539,2025-12-09,1,223900.0,58800.0,113.0,2,Tuesday
asaxcameron,2025-10-30 21:30:15+00:00,73200,823,3815,562300,0.1384278854703894,2025-10-30,1,562300.0,73200.0,823.0,21,Thursday
aliyahsimone,2025-11-22 21:40:33+00:00,113800,734,5908,662000,0.1819365558912386,2025-11-22,1,662000.0,113800.0,734.0,21,Saturday
tsvetka1,2025-12-16 10:47:26+00:00,35400,115,281,281300,0.1272520440810522,2025-12-16,1,281300.0,35400.0,115.0,10,Tuesday
meleleluv,2025-10-16 13:27:20+00:00,190800,549,3371,1000000,0.19472,2025-10-16,1,1000000.0,190800.0,549.0,13,Thursday
ashley.hart,2025-11-24 05:41:07+00:00,22400,198,564,144000,0.1608472222222222,2025-11-24,1,144000.0,22400.0,198.0,5,Monday
elisapur,2025-12-20 17:26:28+00:00,90200,746,1708,320800,0.2888216957605985,2025-12-20,1,320800.0,90200.0,746.0,17,Saturday
erinfoleyyyyy,2025-11-28 20:36:24+00:00,91400,756,4416,392900,0.2457928226011707,2025-11-28,1,392900.0,91400.0,756.0,20,Friday
monas._diary,2025-10-24 22:01:07+00:00,5864,117,98,37500,0.1621066666666666,2025-10-24,1,37500.0,5864.0,117.0,22,Friday
laurenkkim0,2025-12-11 23:24:59+00:00,31100,72,75,150800,0.2072082228116711,2025-12-11,1,150800.0,31100.0,72.0,23,Thursday
themahaliajae,2025-12-03 17:10:36+00:00,2626,56,64,24900,0.1102811244979919,2025-12-03,1,24900.0,2626.0,56.0,17,Wednesday
selfcarewluc,2025-12-09 03:17:38+00:00,51200,368,657,369800,0.1412249864791779,2025-12-09,1,369800.0,51200.0,368.0,3,Tuesday
geminivlogss,2025-11-10 20:00:05+00:00,7290,55,139,57500,0.1301565217391304,2025-11-10,1,57500.0,7290.0,55.0,20,Monday
selfcarewluc,2025-05-26 20:47:19+00:00,100900,890,1524,876100,0.1179248944184453,2025-05-26,1,876100.0,100900.0,890.0,20,Monday
quorityler,2023-12-16 02:45:58+00:00,21400,481,200,149900,0.1473048699132755,2023-12-16,1,149900.0,21400.0,481.0,2,Saturday
natalieegrxce,2025-12-12 19:15:23+00:00,621,5,5,9695,0.0650850954100051,2025-12-12,1,9695.0,621.0,5.0,19,Friday
myamyse,2025-11-11 14:49:09+00:00,26200,461,981,177900,0.1553794266441821,2025-11-11,1,177900.0,26200.0,461.0,14,Tuesday
meowwx109,2025-11-11 14:05:56+00:00,93300,533,1214,427400,0.2223841834347215,2025-11-11,1,427400.0,93300.0,533.0,14,Tuesday
ksuzzz3,2025-11-21 16:26:21+00:00,112800,667,2326,1000000,0.115793,2025-11-21,1,1000000.0,112800.0,667.0,16,Friday
..vlogswolivia,2025-12-04 03:07:53+00:00,6932,146,105,56200,0.1278113879003558,2025-12-04,1,56200.0,6932.0,146.0,3,Thursday
migne_00,2023-01-23 00:03:15+00:00,248,6,8,8379,0.0312686478100011,2023-01-23,1,8379.0,248.0,6.0,0,Monday
vennom.xx,2022-08-26 19:40:18+00:00,100,5,0,13700,0.0076642335766423,2022-08-26,1,13700.0,100.0,5.0,19,Friday
migne_00,2022-08-21 21:31:42+00:00,1057,11,10,39900,0.0270175438596491,2022-08-21,1,39900.0,1057.0,11.0,21,Sunday
wthisamegan,2022-08-08 01:38:19+00:00,71,1,2,13800,0.0053623188405797,2022-08-08,1,13800.0,71.0,1.0,1,Monday
migne_00,2022-12-29 03:05:32+00:00,337,12,6,16700,0.0212574850299401,2022-12-29,1,16700.0,337.0,12.0,3,Thursday
yesimgeni,2023-09-29 18:27:53+00:00,182800,663,2640,712000,0.2613806179775281,2023-09-29,1,712000.0,182800.0,663.0,18,Friday
__catwoman00__,2025-12-26 22:26:20+00:00,146,7,2,1322,0.1172465960665658,2025-12-26,1,1322.0,146.0,7.0,22,Friday
myrisa_jaymes,2025-12-26 23:00:50+00:00,28,0,2,771,0.0389105058365758,2025-12-26,1,771.0,28.0,0.0,23,Friday
migne_00,2022-08-13 04:43:21+00:00,351,5,10,16000,0.022875,2022-08-13,1,16000.0,351.0,5.0,4,Saturday
dishadaybysumyat,2025-03-16 13:50:06+00:00,15100,209,849,622400,0.025960796915167,2025-03-16,1,622400.0,15100.0,209.0,13,Sunday
review_all_vd,2025-12-13 17:17:14+00:00,1452,75,367,500900,0.003781193851068,2025-12-13,1,500900.0,1452.0,75.0,17,Saturday
dear.visit,2025-04-10 11:34:37+00:00,20500,62,634,177600,0.1193468468468468,2025-04-10,1,177600.0,20500.0,62.0,11,Thursday
moimagcf41u,2025-11-23 10:36:02+00:00,1046,10,34,257500,0.0042330097087378,2025-11-23,1,257500.0,1046.0,10.0,10,Sunday
moimagcf41u,2025-11-28 12:12:42+00:00,1372,23,39,154200,0.0092996108949416,2025-11-28,1,154200.0,1372.0,23.0,12,Friday
nana_.00w,2025-01-03 04:11:21+00:00,43900,447,2444,1000000,0.046791,2025-01-03,1,1000000.0,43900.0,447.0,4,Friday
akirayamiku,2025-05-28 12:57:11+00:00,2046,18,267,70800,0.0329237288135593,2025-05-28,1,70800.0,2046.0,18.0,12,Wednesday
sxp.routines_,2025-08-23 05:49:11+00:00,18600,352,328,217000,0.0888479262672811,2025-08-23,1,217000.0,18600.0,352.0,5,Saturday
pam.00w,2024-07-30 09:38:40+00:00,35700,640,631,1300000,0.0284392307692307,2024-07-30,1,1300000.0,35700.0,640.0,9,Tuesday
xpwuddingvlogsx,2025-12-17 23:00:31+00:00,6881,613,282,315000,0.0246857142857142,2025-12-17,1,315000.0,6881.0,613.0,23,Wednesday
iamdiepha._,2023-07-14 05:50:52+00:00,25300,363,2288,1300000,0.0215007692307692,2023-07-14,1,1300000.0,25300.0,363.0,5,Friday
lalunafleurs,2025-11-27 21:11:34+00:00,81000,563,2158,348300,0.2403703703703703,2025-11-27,1,348300.0,81000.0,563.0,21,Thursday
itsssss_ora,2025-12-01 18:20:20+00:00,22500,117,894,136400,0.1723680351906158,2025-12-01,1,136400.0,22500.0,117.0,18,Monday
alishaasngg,2024-04-20 20:03:21+00:00,87800,552,1384,883600,0.1015572657311,2024-04-20,1,883600.0,87800.0,552.0,20,Saturday
ash_vee_,2025-06-27 14:58:28+00:00,316,9,6,12400,0.0266935483870967,2025-06-27,1,12400.0,316.0,9.0,14,Friday
pearlypasjii,2025-08-06 07:30:04+00:00,9332,296,399,463000,0.0216565874730021,2025-08-06,1,463000.0,9332.0,296.0,7,Wednesday
vlog_with_angel.00,2025-04-12 12:43:24+00:00,7586,189,239,387600,0.0206759545923632,2025-04-12,1,387600.0,7586.0,189.0,12,Saturday
dreandken,2025-07-05 21:17:51+00:00,29700,550,448,1100000,0.0279072727272727,2025-07-05,1,1100000.0,29700.0,550.0,21,Saturday
abdoul.karim.keta780,2025-11-01 22:12:05+00:00,48,13,1,470,0.1319148936170212,2025-11-01,1,470.0,48.0,13.0,22,Saturday
trenndinggg,2024-12-09 00:30:00+00:00,510,56,74,94400,0.0067796610169491,2024-12-09,1,94400.0,510.0,56.0,0,Monday
me03319,2025-12-26 22:50:05+00:00,29,1,3,179,0.1843575418994413,2025-12-26,1,179.0,29.0,1.0,22,Friday
kimkardashian,2025-12-26 21:26:37+00:00,115800,498,1755,865800,0.1363513513513513,2025-12-26,1,865800.0,115800.0,498.0,21,Friday
charbelbahous,2025-12-26 23:01:28+00:00,146,6,4,1514,0.1030383091149273,2025-12-26,1,1514.0,146.0,6.0,23,Friday
seullri,2025-12-14 12:00:55+00:00,96000,252,3017,418400,0.2372586042065009,2025-12-14,1,418400.0,96000.0,252.0,12,Sunday
xxtheone,2025-11-23 19:55:52+00:00,47600,109,1031,182700,0.266776135741653,2025-11-23,1,182700.0,47600.0,109.0,19,Sunday
study.motiv.aest,2025-12-14 19:20:03+00:00,117400,218,4144,602700,0.2020275427244068,2025-12-14,1,602700.0,117400.0,218.0,19,Sunday
studytok_40,2025-10-16 21:46:55+00:00,156,0,1,3015,0.0520729684908789,2025-10-16,1,3015.0,156.0,0.0,21,Thursday
studytok_40,2025-10-15 01:39:35+00:00,315,1,1,3037,0.1043793216990451,2025-10-15,1,3037.0,315.0,1.0,1,Wednesday
hervibes84,2025-12-11 13:19:23+00:00,38000,104,1488,197000,0.2009746192893401,2025-12-11,1,197000.0,38000.0,104.0,13,Thursday
academicbarbiee,2025-10-11 17:54:31+00:00,33000,88,2544,225100,0.1582940915148822,2025-10-11,1,225100.0,33000.0,88.0,17,Saturday
joce.erly,2025-11-20 05:20:09+00:00,14900,58,326,126200,0.1211093502377179,2025-11-20,1,126200.0,14900.0,58.0,5,Thursday
anotherhannahhhh,2025-11-16 05:14:29+00:00,3782,18,53,28800,0.1337847222222222,2025-11-16,1,28800.0,3782.0,18.0,5,Sunday
studytok_40,2024-09-09 23:38:36+00:00,18600,70,517,202800,0.0946104536489151,2024-09-09,1,202800.0,18600.0,70.0,23,Monday
oliviamaebarness,2025-06-05 09:11:56+00:00,103700,370,1573,549900,0.1921131114748136,2025-06-05,1,549900.0,103700.0,370.0,9,Thursday
studytok_40,2024-10-14 16:14:36+00:00,45100,136,1580,489400,0.0956599918267266,2024-10-14,1,489400.0,45100.0,136.0,16,Monday
studytoksj,2024-03-12 11:28:40+00:00,7311,49,30,135900,0.0543782192788815,2024-03-12,1,135900.0,7311.0,49.0,11,Tuesday
jordannascollegeapps,2025-08-09 21:19:22+00:00,118100,413,4214,788800,0.1555869675456389,2025-08-09,1,788800.0,118100.0,413.0,21,Saturday
studytok21,2025-05-16 07:25:06+00:00,185200,549,3648,887300,0.2134531725459258,2025-05-16,1,887300.0,185200.0,549.0,7,Friday
aswmarie_,2025-02-27 15:12:34+00:00,32300,424,449,171300,0.1936544074722708,2025-02-27,1,171300.0,32300.0,424.0,15,Thursday
y.veev,2025-11-17 19:36:41+00:00,44100,96,671,212300,0.211337729627885,2025-11-17,1,212300.0,44100.0,96.0,19,Monday
afterlight.jp,2025-12-19 03:54:03+00:00,15400,258,441,79200,0.203270202020202,2025-12-19,1,79200.0,15400.0,258.0,3,Friday
pensandpapercranes,2025-03-30 17:50:01+00:00,96000,655,2308,702500,0.1408725978647687,2025-03-30,1,702500.0,96000.0,655.0,17,Sunday
noelleohanlon,2025-10-10 01:59:07+00:00,107400,107,2151,585500,0.1872894961571306,2025-10-10,1,585500.0,107400.0,107.0,1,Friday
serenapaiege,2025-10-08 17:08:11+00:00,64400,206,472,299500,0.2172888146911519,2025-10-08,1,299500.0,64400.0,206.0,17,Wednesday
studyweve,2025-10-10 15:30:33+00:00,126100,343,2726,577000,0.2238630849220104,2025-10-10,1,577000.0,126100.0,343.0,15,Friday
sl33py_addie,2025-12-20 23:33:39+00:00,16600,54,411,64500,0.2645736434108527,2025-12-20,1,64500.0,16600.0,54.0,23,Saturday
shristi.sapkotaa,2025-10-22 02:36:40+00:00,65200,233,1419,351300,0.1902988898377455,2025-10-22,1,351300.0,65200.0,233.0,2,Wednesday
tiktok,2025-12-20 02:26:22+00:00,58400,1381,845,716000,0.0846731843575419,2025-12-20,1,716000.0,58400.0,1381.0,2,Saturday
yuuk_uu,2025-12-25 08:07:12+00:00,11400,80,328,74200,0.1591374663072776,2025-12-25,1,74200.0,11400.0,80.0,8,Thursday
sisterlicious03,2025-12-22 18:07:28+00:00,49900,228,1713,613200,0.0845417482061317,2025-12-22,1,613200.0,49900.0,228.0,18,Monday
sisterlicious03,2025-12-24 16:28:23+00:00,527,19,18,13400,0.0420895522388059,2025-12-24,1,13400.0,527.0,19.0,16,Wednesday
ebrh17,2025-12-03 06:51:54+00:00,795,96,61,954700,0.0009971718864564,2025-12-03,1,954700.0,795.0,96.0,6,Wednesday
viki_andfamily,2025-12-13 19:01:21+00:00,3021,42,43,87300,0.0355784650630011,2025-12-13,1,87300.0,3021.0,42.0,19,Saturday
reflection.crew,2025-12-23 17:24:45+00:00,2328,15,32,36000,0.0659722222222222,2025-12-23,1,36000.0,2328.0,15.0,17,Tuesday
mamamudeg,2025-12-25 10:21:06+00:00,50,4,1,487,0.1129363449691991,2025-12-25,1,487.0,50.0,4.0,10,Thursday
antituss_only,2025-11-24 15:07:54+00:00,21200,641,3926,236200,0.1090897544453852,2025-11-24,1,236200.0,21200.0,641.0,15,Monday
weltmomente,2025-10-26 19:12:54+00:00,30700,271,1981,1000000,0.032952,2025-10-26,1,1000000.0,30700.0,271.0,19,Sunday
jennyliebtfilme,2025-05-08 16:07:37+00:00,190,0,2,26300,0.0073003802281368,2025-05-08,1,26300.0,190.0,0.0,16,Thursday
gbth19,2025-12-05 06:38:50+00:00,2817,166,165,1300000,0.0024215384615384,2025-12-05,1,1300000.0,2817.0,166.0,6,Friday
lil.lilou.secret,2022-11-10 17:09:18+00:00,33000,2,115,274200,0.1207768052516411,2022-11-10,1,274200.0,33000.0,2.0,17,Thursday
marinaeseniia.mikheeva,2025-11-20 17:52:32+00:00,4111,0,178,424500,0.0101036513545347,2025-11-20,1,424500.0,4111.0,0.0,17,Thursday
funnycatmini,2025-11-03 08:02:55+00:00,386,22,15,101300,0.0041757156959526,2025-11-03,1,101300.0,386.0,22.0,8,Monday
marinaundnora,2025-10-21 17:29:30+00:00,11900,67,1043,504500,0.0257879088206144,2025-10-21,1,504500.0,11900.0,67.0,17,Tuesday
bibilian89,2025-12-18 06:17:23+00:00,3746,96,136,313000,0.0127092651757188,2025-12-18,1,313000.0,3746.0,96.0,6,Thursday
shumaliamalik9,2025-09-21 14:01:46+00:00,14400,1207,3584,475000,0.0404021052631578,2025-09-21,1,475000.0,14400.0,1207.0,14,Sunday
realzam2,2025-07-18 09:44:22+00:00,1220,63,19,82800,0.0157246376811594,2025-07-18,1,82800.0,1220.0,63.0,9,Friday
deathstrokefitness,2025-12-26 17:48:37+00:00,809,17,23,5350,0.1586915887850467,2025-12-26,1,5350.0,809.0,17.0,17,Friday
gym.jester,2025-10-18 19:46:07+00:00,28,1,4,1918,0.0172054223149113,2025-10-18,1,1918.0,28.0,1.0,19,Saturday
amelie.desai,2023-08-09 14:36:13+00:00,136500,530,3814,984200,0.1431050599471652,2023-08-09,1,984200.0,136500.0,530.0,14,Wednesday
gymfts,2025-12-20 12:43:32+00:00,21800,52,4218,613200,0.0425146771037182,2025-12-20,1,613200.0,21800.0,52.0,12,Saturday
don.malvaez,2024-10-29 19:18:53+00:00,37700,428,6113,252400,0.1752812995245641,2024-10-29,1,252400.0,37700.0,428.0,19,Tuesday
gld_anni,2025-11-03 22:19:51+00:00,28800,83,2928,336000,0.0946755952380952,2025-11-03,1,336000.0,28800.0,83.0,22,Monday
cfvlss,2025-09-30 09:53:03+00:00,3199,10,660,24600,0.1572764227642276,2025-09-30,1,24600.0,3199.0,10.0,9,Tuesday
ssskers,2025-10-02 18:36:49+00:00,14900,1277,811,1500000,0.0113253333333333,2025-10-02,1,1500000.0,14900.0,1277.0,18,Thursday
michailidii__,2025-04-06 16:29:07+00:00,4252,153,170,89500,0.0511173184357541,2025-04-06,1,89500.0,4252.0,153.0,16,Sunday
marshall_obichi,2025-10-11 15:23:16+00:00,7945,65,31,243100,0.033076923076923,2025-10-11,1,243100.0,7945.0,65.0,15,Saturday
prankl0rd,2025-01-22 01:52:01+00:00,4122,25,73,55200,0.0764492753623188,2025-01-22,1,55200.0,4122.0,25.0,1,Wednesday
jake_land1994,2024-03-30 10:33:15+00:00,1204,309,104,498000,0.0032469879518072,2024-03-30,1,498000.0,1204.0,309.0,10,Saturday
ai_clip_vibes,2025-12-19 19:46:13+00:00,119,5,36,5997,0.0266800066700016,2025-12-19,1,5997.0,119.0,5.0,19,Friday
annabel.lucinda,2025-03-05 21:40:22+00:00,81200,463,2795,955800,0.0883636744088721,2025-03-05,1,955800.0,81200.0,463.0,21,Wednesday
stephen_sem,2025-12-21 16:31:25+00:00,4242,10,4,16500,0.2579393939393939,2025-12-21,1,16500.0,4242.0,10.0,16,Sunday
topiasn,2025-12-20 18:44:06+00:00,47300,143,2576,523200,0.0956020642201834,2025-12-20,1,523200.0,47300.0,143.0,18,Saturday
pandafitness7,2025-08-18 14:29:23+00:00,73000,190,3349,614400,0.1245751953125,2025-08-18,1,614400.0,73000.0,190.0,14,Monday
twins.of.tiktokbackup,2025-12-24 15:40:50+00:00,2865,19,3,17600,0.1640340909090909,2025-12-24,1,17600.0,2865.0,19.0,15,Wednesday
sammbruno_,2024-04-21 15:09:41+00:00,115400,839,6257,1200000,0.10208,2024-04-21,1,1200000.0,115400.0,839.0,15,Sunday
musclemamiabii,2025-12-26 21:33:13+00:00,200,4,1,1181,0.1735817104149026,2025-12-26,1,1181.0,200.0,4.0,21,Friday
trenborina,2025-12-24 15:07:15+00:00,3632,41,168,27500,0.1396727272727272,2025-12-24,1,27500.0,3632.0,41.0,15,Wednesday
topiasn,2025-12-18 17:54:00+00:00,2075,21,89,19500,0.112051282051282,2025-12-18,1,19500.0,2075.0,21.0,17,Thursday
sarah.fht,2024-12-24 21:35:47+00:00,6643,69,578,342900,0.021259842519685,2024-12-24,1,342900.0,6643.0,69.0,21,Tuesday
topiasn,2025-12-19 14:37:25+00:00,1217,13,22,13100,0.0955725190839694,2025-12-19,1,13100.0,1217.0,13.0,14,Friday
lea.ttttt,2025-09-11 16:16:35+00:00,1964,15,35,40200,0.0500995024875621,2025-09-11,1,40200.0,1964.0,15.0,16,Thursday
eboqodtt,2025-11-06 13:41:38+00:00,9401,62,1375,702200,0.0154343491882654,2025-11-06,1,702200.0,9401.0,62.0,13,Thursday
kevingym27,2025-04-06 18:22:15+00:00,28100,171,909,417200,0.0699424736337488,2025-04-06,1,417200.0,28100.0,171.0,18,Sunday
aliyseciana,2025-12-12 22:27:19+00:00,1504,19,12,19600,0.0783163265306122,2025-12-12,1,19600.0,1504.0,19.0,22,Friday
fitxnesss,2025-12-09 08:10:32+00:00,756,11,55,9368,0.0877455166524338,2025-12-09,1,9368.0,756.0,11.0,8,Tuesday
fitnessrex,2025-12-18 11:17:56+00:00,387,7,125,6343,0.0818224814756424,2025-12-18,1,6343.0,387.0,7.0,11,Thursday
trici_ann,2025-03-27 16:45:43+00:00,99800,412,1352,1100000,0.092330909090909,2025-03-27,1,1100000.0,99800.0,412.0,16,Thursday
imlovinggelle,2025-07-06 02:54:36+00:00,87000,506,1326,489200,0.1815862632869991,2025-07-06,1,489200.0,87000.0,506.0,2,Sunday
___sheun__,2025-12-12 10:38:42+00:00,12200,160,347,93200,0.1363412017167382,2025-12-12,1,93200.0,12200.0,160.0,10,Friday
jaswinterr,2025-09-26 19:31:31+00:00,33600,109,706,199800,0.1722472472472472,2025-09-26,1,199800.0,33600.0,109.0,19,Friday
teilahtequila,2025-05-07 01:04:00+00:00,230800,640,5332,1100000,0.2152472727272727,2025-05-07,1,1100000.0,230800.0,640.0,1,Wednesday
madiisawesomeeeee,2025-04-23 23:39:09+00:00,222200,220,1301,1500000,0.1491473333333333,2025-04-23,1,1500000.0,222200.0,220.0,23,Wednesday
tenaliso,2025-09-07 14:39:38+00:00,243800,1245,5275,931900,0.2686125120721107,2025-09-07,1,931900.0,243800.0,1245.0,14,Sunday
avasellee,2025-08-20 08:21:44+00:00,40200,391,965,345800,0.1201735106998264,2025-08-20,1,345800.0,40200.0,391.0,8,Wednesday
notlucascruz,2025-12-11 12:52:20+00:00,88900,419,4449,815800,0.1149399362588869,2025-12-11,1,815800.0,88900.0,419.0,12,Thursday
hallesoswag,2025-04-03 17:18:46+00:00,25700,115,32,153500,0.1683843648208469,2025-04-03,1,153500.0,25700.0,115.0,17,Thursday
ciaralillyyy,2025-03-03 00:37:26+00:00,107100,57,174,599900,0.1789148191365227,2025-03-03,1,599900.0,107100.0,57.0,0,Monday
godsbeloved__,2025-07-26 22:24:50+00:00,28000,639,1109,223700,0.1329816718819848,2025-07-26,1,223700.0,28000.0,639.0,22,Saturday
twins.ma_mi,2025-12-26 23:10:46+00:00,47,1,7,308,0.1785714285714285,2025-12-26,1,308.0,47.0,1.0,23,Friday
studytok_40,2024-10-30 23:06:06+00:00,14100,97,320,174200,0.0833352468427095,2024-10-30,1,174200.0,14100.0,97.0,23,Wednesday
dianaglowingdiaries,2025-12-24 12:02:36+00:00,346,12,4,3805,0.0951379763469119,2025-12-24,1,3805.0,346.0,12.0,12,Wednesday
afterlight.jp,2025-12-25 05:50:46+00:00,37500,971,1849,123000,0.3278048780487805,2025-12-25,1,123000.0,37500.0,971.0,5,Thursday
barbarasereno,2025-02-17 18:51:17+00:00,10100,17,87,76900,0.1326918075422626,2025-02-17,1,76900.0,10100.0,17.0,18,Monday
boujeeebeee,2024-12-07 18:33:45+00:00,96200,264,2705,601000,0.1650066555740432,2024-12-07,1,601000.0,96200.0,264.0,18,Saturday
vvrightzs,2025-07-11 16:10:18+00:00,5403,16,78,41300,0.1330992736077481,2025-07-11,1,41300.0,5403.0,16.0,16,Friday
freya.loren,2025-04-07 14:39:11+00:00,22100,54,238,225400,0.0993433895297249,2025-04-07,1,225400.0,22100.0,54.0,14,Monday
fczn8,2025-12-25 20:39:39+00:00,2110,15,50,16100,0.1350931677018633,2025-12-25,1,16100.0,2110.0,15.0,20,Thursday
colettesdiaries,2025-12-22 01:08:31+00:00,41400,179,1493,195300,0.2205427547363031,2025-12-22,1,195300.0,41400.0,179.0,1,Monday
rania_brj,2024-09-14 15:20:36+00:00,16500,65,358,75900,0.2229644268774703,2024-09-14,1,75900.0,16500.0,65.0,15,Saturday
mg_byy,2024-08-25 08:58:24+00:00,62900,770,1053,260400,0.2485522273425499,2024-08-25,1,260400.0,62900.0,770.0,8,Sunday
tiffanyywhitney,2025-12-24 19:29:56+00:00,41000,11,3375,151800,0.2923978919631093,2025-12-24,1,151800.0,41000.0,11.0,19,Wednesday
thisaccissecret67,2025-01-19 21:43:24+00:00,143000,1612,3415,781100,0.1895109461016515,2025-01-19,1,781100.0,143000.0,1612.0,21,Sunday
yourfavinfluu,2025-09-02 21:09:23+00:00,85900,28,3783,568300,0.1578585254267112,2025-09-02,1,568300.0,85900.0,28.0,21,Tuesday
r3m._x,2025-12-23 03:23:27+00:00,790,2,23,3943,0.2066954095866091,2025-12-23,1,3943.0,790.0,2.0,3,Tuesday
alexarmstead,2025-05-30 00:08:58+00:00,27000,57,690,247600,0.1120638126009693,2025-05-30,1,247600.0,27000.0,57.0,0,Friday
spencetiktoklegend,2024-04-10 04:13:03+00:00,163200,496,3238,1500000,0.1112893333333333,2024-04-10,1,1500000.0,163200.0,496.0,4,Wednesday
riyii_,2025-12-26 23:18:27+00:00,978,68,33,6283,0.1717332484481935,2025-12-26,1,6283.0,978.0,68.0,23,Friday
jnglert,2024-09-12 19:01:11+00:00,164800,256,3502,1200000,0.140465,2024-09-12,1,1200000.0,164800.0,256.0,19,Thursday
fypfilmmovie,2025-12-08 02:41:14+00:00,83400,332,643,912600,0.0924556213017751,2025-12-08,1,912600.0,83400.0,332.0,2,Monday
anaami.i,2025-12-26 23:01:05+00:00,72,0,2,418,0.1770334928229665,2025-12-26,1,418.0,72.0,0.0,23,Friday
reese_hatala,2025-12-26 23:12:10+00:00,78,3,0,466,0.1738197424892703,2025-12-26,1,466.0,78.0,3.0,23,Friday
maxul34,2025-12-26 22:54:57+00:00,991,22,74,7429,0.14631848162606,2025-12-26,1,7429.0,991.0,22.0,22,Friday
arrest_them_,2025-12-26 22:47:09+00:00,94,3,0,349,0.2779369627507163,2025-12-26,1,349.0,94.0,3.0,22,Friday
s3u.ivy3,2025-12-26 22:51:21+00:00,124,4,0,416,0.3076923076923077,2025-12-26,1,416.0,124.0,4.0,22,Friday
rainynightsin,2025-12-26 22:46:46+00:00,155,2,5,927,0.174757281553398,2025-12-26,1,927.0,155.0,2.0,22,Friday
fsffilms,2025-12-26 22:49:43+00:00,68,2,3,434,0.1682027649769585,2025-12-26,1,434.0,68.0,2.0,22,Friday
cauan.wilhelm,2025-12-26 23:09:47+00:00,163,10,1,740,0.2351351351351351,2025-12-26,1,740.0,163.0,10.0,23,Friday
jul.1aaxx,2025-12-26 23:06:16+00:00,76,1,0,460,0.1673913043478261,2025-12-26,1,460.0,76.0,1.0,23,Friday
amiraaus.01,2024-03-22 18:48:10+00:00,20500,99,338,115500,0.1812727272727272,2024-03-22,1,115500.0,20500.0,99.0,18,Friday
jxnx0106,2022-12-20 16:48:50+00:00,5219,86,87,42400,0.1271698113207547,2022-12-20,1,42400.0,5219.0,86.0,16,Tuesday
gld_anni,2025-06-11 21:26:45+00:00,13600,40,805,230100,0.0627770534550195,2025-06-11,1,230100.0,13600.0,40.0,21,Wednesday
wejden40,2025-08-23 14:59:52+00:00,3677,17,229,121100,0.0323947151114781,2025-08-23,1,121100.0,3677.0,17.0,14,Saturday
szkdlauraaa,2025-10-12 20:32:17+00:00,9608,271,1776,955500,0.0121978021978021,2025-10-12,1,955500.0,9608.0,271.0,20,Sunday
ttlegirlz73,2025-10-10 16:30:41+00:00,747,13,44,37900,0.0212137203166226,2025-10-10,1,37900.0,747.0,13.0,16,Friday
alinaa.rfyc,2025-02-25 06:36:29+00:00,6432,117,298,65000,0.1053384615384615,2025-02-25,1,65000.0,6432.0,117.0,6,Tuesday
ooooobnejnx,2025-07-27 07:09:17+00:00,671,52,77,171800,0.0046565774155995,2025-07-27,1,171800.0,671.0,52.0,7,Sunday
callmebelly666,2025-11-12 11:58:35+00:00,7700,81,1105,258200,0.0344151820294345,2025-11-12,1,258200.0,7700.0,81.0,11,Wednesday
marcel.hna,2025-12-17 16:31:53+00:00,52,2,1,1367,0.0402340892465252,2025-12-17,1,1367.0,52.0,2.0,16,Wednesday
karolinevollstad,2025-12-25 16:54:28+00:00,18200,68,488,64700,0.2898918083462133,2025-12-25,1,64700.0,18200.0,68.0,16,Thursday
willowpickle444,2025-12-02 02:59:46+00:00,11900,41,194,49700,0.2441649899396378,2025-12-02,1,49700.0,11900.0,41.0,2,Tuesday
aishazakhoo,2025-12-20 16:12:38+00:00,4274,400,335,267500,0.0187252336448598,2025-12-20,1,267500.0,4274.0,400.0,16,Saturday
dr_rezi,2025-08-16 17:18:36+00:00,6076,224,147,462800,0.0139304235090751,2025-08-16,1,462800.0,6076.0,224.0,17,Saturday
tiantian9903,2025-07-09 08:06:39+00:00,1894,101,33,61100,0.0331914893617021,2025-07-09,1,61100.0,1894.0,101.0,8,Wednesday
rizwanalam5000,2020-06-30 03:07:34+00:00,292,120,23,31300,0.0138977635782747,2020-06-30,1,31300.0,292.0,120.0,3,Tuesday
celinamehak,2025-11-02 02:24:17+00:00,2501,235,60,296700,0.0094236602628918,2025-11-02,1,296700.0,2501.0,235.0,2,Sunday
ssddjhejeau,2025-09-30 09:58:20+00:00,1411,43,44,34800,0.0430459770114942,2025-09-30,1,34800.0,1411.0,43.0,9,Tuesday
faisalgurmani00786,2025-06-18 05:40:15+00:00,451,63,6,45100,0.0115299334811529,2025-06-18,1,45100.0,451.0,63.0,5,Wednesday
oops.vika,2025-07-04 21:10:19+00:00,1753,157,120,202900,0.0100049285362247,2025-07-04,1,202900.0,1753.0,157.0,21,Friday
grivinaa,2025-09-17 02:01:15+00:00,427,37,8,15600,0.0302564102564102,2025-09-17,1,15600.0,427.0,37.0,2,Wednesday
bibilian89,2025-10-06 12:22:13+00:00,1041,58,18,102800,0.0108657587548638,2025-10-06,1,102800.0,1041.0,58.0,12,Monday
themelcshow,2025-10-25 16:37:50+00:00,98,9,15,8385,0.0145497912939773,2025-10-25,1,8385.0,98.0,9.0,16,Saturday
tk080601dke,2025-09-13 14:41:37+00:00,77,6,5,40400,0.0021782178217821,2025-09-13,1,40400.0,77.0,6.0,14,Saturday
respectarmy7,2025-11-17 16:36:56+00:00,5597,302,643,375200,0.0174360341151385,2025-11-17,1,375200.0,5597.0,302.0,16,Monday
funnyeonis,2025-11-17 09:39:59+00:00,903,54,35,188700,0.0052570217276099,2025-11-17,1,188700.0,903.0,54.0,9,Monday
cutebaby88244,2025-08-25 10:05:03+00:00,452,112,8,105200,0.0054372623574144,2025-08-25,1,105200.0,452.0,112.0,10,Monday
gomdoday,2025-11-10 00:20:42+00:00,283,19,14,15500,0.0203870967741935,2025-11-10,1,15500.0,283.0,19.0,0,Monday
klea.delf,2025-11-08 16:59:09+00:00,242,19,13,20600,0.0133009708737864,2025-11-08,1,20600.0,242.0,19.0,16,Saturday
lastnightsrain,2025-12-18 15:02:12+00:00,33800,100,989,118100,0.2954191363251481,2025-12-18,1,118100.0,33800.0,100.0,15,Thursday
babydollay7,2025-12-25 23:33:01+00:00,8303,74,115,25300,0.3356521739130435,2025-12-25,1,25300.0,8303.0,74.0,23,Thursday
samihatx,2025-12-17 19:42:32+00:00,21200,45,459,105400,0.2059203036053131,2025-12-17,1,105400.0,21200.0,45.0,19,Wednesday
cm2.ofc,2025-12-26 23:14:52+00:00,21,0,0,610,0.0344262295081967,2025-12-26,1,610.0,21.0,0.0,23,Friday
eliemagic,2025-03-28 17:51:44+00:00,51300,223,575,572800,0.0909532122905028,2025-03-28,1,572800.0,51300.0,223.0,17,Friday
labebaviraloficial,2025-12-26 22:31:07+00:00,21,4,1,477,0.0545073375262054,2025-12-26,1,477.0,21.0,4.0,22,Friday
y3d1dya,2025-06-26 16:34:13+00:00,203600,1370,5587,830500,0.253530403371463,2025-06-26,1,830500.0,203600.0,1370.0,16,Thursday
vviral24,2025-02-19 01:00:00+00:00,747,31,36,73400,0.0110899182561307,2025-02-19,1,73400.0,747.0,31.0,1,Wednesday
dulcemar1988,2025-12-26 22:40:02+00:00,94,6,1,556,0.1816546762589928,2025-12-26,1,556.0,94.0,6.0,22,Friday
vviral24,2025-02-15 01:00:00+00:00,4540,266,362,298000,0.0173422818791946,2025-02-15,1,298000.0,4540.0,266.0,1,Saturday
its_nessa_j,2025-12-26 22:25:09+00:00,5,0,0,38,0.131578947368421,2025-12-26,1,38.0,5.0,0.0,22,Friday
fyp,2024-10-07 15:33:00+00:00,143200,639,1534,1500000,0.0969153333333333,2024-10-07,1,1500000.0,143200.0,639.0,15,Monday
lynn.juna,2025-12-22 19:59:47+00:00,19600,50,165,99700,0.1987462387161484,2025-12-22,1,99700.0,19600.0,50.0,19,Monday
urfav.tines,2025-12-24 16:09:39+00:00,5978,88,310,35000,0.1821714285714285,2025-12-24,1,35000.0,5978.0,88.0,16,Wednesday
eiriniosmnl,2024-11-03 15:31:04+00:00,2756,48,109,27000,0.1078888888888889,2024-11-03,1,27000.0,2756.0,48.0,15,Sunday
amiah.lucas,2025-10-31 04:39:22+00:00,912,20,20,167000,0.0057005988023952,2025-10-31,1,167000.0,912.0,20.0,4,Friday
ilya.roney,2025-10-16 08:40:44+00:00,10200,88,191,810000,0.012937037037037,2025-10-16,1,810000.0,10200.0,88.0,8,Thursday
vale.hauser,2024-08-20 17:22:14+00:00,114000,192,2350,971700,0.1199361942986518,2024-08-20,1,971700.0,114000.0,192.0,17,Tuesday
goxxzhu,2025-12-21 20:36:46+00:00,597,10,99,39500,0.0178734177215189,2025-12-21,1,39500.0,597.0,10.0,20,Sunday
eemlyy,2025-11-30 20:21:30+00:00,7670,34,110,39100,0.199846547314578,2025-11-30,1,39100.0,7670.0,34.0,20,Sunday
asdezaa,2025-12-11 22:45:08+00:00,26600,291,703,109100,0.2529239230064161,2025-12-11,1,109100.0,26600.0,291.0,22,Thursday
gymfts,2025-12-25 19:16:39+00:00,2669,4,557,108300,0.0298245614035087,2025-12-25,1,108300.0,2669.0,4.0,19,Thursday
recfit,2025-11-08 21:03:01+00:00,5292,28,383,131400,0.0434018264840182,2025-11-08,1,131400.0,5292.0,28.0,21,Saturday
gymfts,2025-12-26 14:43:45+00:00,794,4,177,26400,0.0369318181818181,2025-12-26,1,26400.0,794.0,4.0,14,Friday
recfit,2025-02-05 14:05:00+00:00,44400,168,566,1300000,0.0347184615384615,2025-02-05,1,1300000.0,44400.0,168.0,14,Wednesday
emily.fit32,2025-12-26 13:57:19+00:00,16,0,0,469,0.0341151385927505,2025-12-26,1,469.0,16.0,0.0,13,Friday
minimalvibes1,2025-02-12 17:48:08+00:00,55,3,0,491,0.1181262729124236,2025-02-12,1,491.0,55.0,3.0,17,Wednesday
dollface.millie,2025-12-26 15:23:34+00:00,335,29,0,3719,0.0978757730572734,2025-12-26,1,3719.0,335.0,29.0,15,Friday
iamquettab,2025-12-26 17:52:11+00:00,31,11,0,245,0.1714285714285714,2025-12-26,1,245.0,31.0,11.0,17,Friday
cuteandfit,2025-12-26 21:23:23+00:00,55,2,1,349,0.166189111747851,2025-12-26,1,349.0,55.0,2.0,21,Friday
brenotbri_,2024-06-29 00:58:37+00:00,21500,123,350,287400,0.0764544189283229,2024-06-29,1,287400.0,21500.0,123.0,0,Saturday
gym.jester,2025-10-19 06:46:39+00:00,24,0,1,429,0.0582750582750582,2025-10-19,1,429.0,24.0,0.0,6,Sunday
pushupman405,2025-12-26 22:23:49+00:00,91,5,4,1278,0.0782472613458529,2025-12-26,1,1278.0,91.0,5.0,22,Friday
waus.purd,2023-07-03 17:13:14+00:00,252100,623,3132,1500000,0.17057,2023-07-03,1,1500000.0,252100.0,623.0,17,Monday
danbenches,2025-12-26 23:01:48+00:00,99,4,2,776,0.1353092783505154,2025-12-26,1,776.0,99.0,4.0,23,Friday
academichelp.eu,2025-12-22 15:57:48+00:00,5129,54,99,24000,0.2200833333333333,2025-12-22,1,24000.0,5129.0,54.0,15,Monday
calus.0,2025-10-11 11:36:03+00:00,214200,938,5034,1200000,0.1834766666666666,2025-10-11,1,1200000.0,214200.0,938.0,11,Saturday
caramel.studyy,2025-12-25 14:00:20+00:00,2066,49,35,13800,0.1557971014492753,2025-12-25,1,13800.0,2066.0,49.0,14,Thursday
notedandneat,2025-07-24 07:32:00+00:00,49800,174,1288,165200,0.3103026634382566,2025-07-24,1,165200.0,49800.0,174.0,7,Thursday
user0605772522165,2025-12-16 17:57:01+00:00,14700,135,247,63300,0.2382622432859399,2025-12-16,1,63300.0,14700.0,135.0,17,Tuesday
user0605772522165,2025-12-22 23:33:45+00:00,15400,131,423,64400,0.2477329192546583,2025-12-22,1,64400.0,15400.0,131.0,23,Monday
jen1av1a1,2025-10-14 13:15:38+00:00,56300,281,1424,269800,0.2149925871015567,2025-10-14,1,269800.0,56300.0,281.0,13,Tuesday
fczn8,2025-12-26 08:04:44+00:00,4471,73,94,32800,0.1414024390243902,2025-12-26,1,32800.0,4471.0,73.0,8,Friday
make_it.happen8,2025-12-01 20:37:40+00:00,102700,286,2733,535200,0.1975317638266068,2025-12-01,1,535200.0,102700.0,286.0,20,Monday
xuexi69,2025-09-13 04:46:21+00:00,131200,992,3564,595200,0.2280846774193548,2025-09-13,1,595200.0,131200.0,992.0,4,Saturday
uwawa_08,2025-08-29 18:22:13+00:00,58000,540,2147,248800,0.243918810289389,2025-08-29,1,248800.0,58000.0,540.0,18,Friday
jen1av1a1,2025-10-04 09:21:40+00:00,159400,539,4447,621300,0.2645839369064864,2025-10-04,1,621300.0,159400.0,539.0,9,Saturday
alevelstudent27,2025-11-24 13:11:45+00:00,27700,248,800,105500,0.2724928909952606,2025-11-24,1,105500.0,27700.0,248.0,13,Monday
ttalgi.uwu,2025-08-01 13:37:04+00:00,97500,740,2763,470800,0.2145348343245539,2025-08-01,1,470800.0,97500.0,740.0,13,Friday
iljw0n,2025-09-10 11:02:11+00:00,15900,888,507,130600,0.132427258805513,2025-09-10,1,130600.0,15900.0,888.0,11,Wednesday
bandoodlesaur,2025-09-30 02:20:25+00:00,81200,309,1257,349800,0.236609491137793,2025-09-30,1,349800.0,81200.0,309.0,2,Tuesday
boardsbylana,2025-12-16 20:38:22+00:00,42300,67,897,153100,0.2825865447419987,2025-12-16,1,153100.0,42300.0,67.0,20,Tuesday
xxxmary.0,2025-12-12 09:32:12+00:00,31200,666,1000,129800,0.2532049306625578,2025-12-12,1,129800.0,31200.0,666.0,9,Friday
atkhawla_attni,2025-02-05 21:28:10+00:00,202400,1172,3777,1300000,0.1594992307692307,2025-02-05,1,1300000.0,202400.0,1172.0,21,Wednesday
suisen_nn,2025-08-21 00:48:04+00:00,87900,690,2059,361800,0.2505500276395799,2025-08-21,1,361800.0,87900.0,690.0,0,Thursday
cerulean.naa,2025-12-20 14:00:32+00:00,2453,30,54,15700,0.1615923566878981,2025-12-20,1,15700.0,2453.0,30.0,14,Saturday
ur.litoyks,2025-04-28 13:46:56+00:00,924,77,22,185200,0.005523758099352,2025-04-28,1,185200.0,924.0,77.0,13,Monday
meydizuuayu,2025-06-15 13:01:18+00:00,450,5,3,74400,0.0061559139784946,2025-06-15,1,74400.0,450.0,5.0,13,Sunday
kiefertanya,2025-12-07 09:26:38+00:00,169,19,51,57700,0.0041421143847487,2025-12-07,1,57700.0,169.0,19.0,9,Sunday
x7wqsfkla,2023-09-04 06:58:13+00:00,113,3,0,37300,0.0031099195710455,2023-09-04,1,37300.0,113.0,3.0,6,Monday
2500ggdb,2025-12-24 03:21:30+00:00,3939,10,80,13900,0.2898561151079136,2025-12-24,1,13900.0,3939.0,10.0,3,Wednesday
fshi0n2,2025-05-09 01:56:09+00:00,855,4,17,20400,0.0429411764705882,2025-05-09,1,20400.0,855.0,4.0,1,Friday
apluslisa,2025-12-19 23:15:30+00:00,62000,238,2975,388800,0.1677289094650206,2025-12-19,1,388800.0,62000.0,238.0,23,Friday
itseyalla,2025-02-10 16:25:02+00:00,30800,124,473,260400,0.1205721966205837,2025-02-10,1,260400.0,30800.0,124.0,16,Monday
sabspreppys,2024-05-28 17:49:32+00:00,57600,697,804,774300,0.0763282965258943,2024-05-28,1,774300.0,57600.0,697.0,17,Tuesday
belle4lv,2025-10-19 21:54:27+00:00,161600,307,6311,898500,0.1872209237618252,2025-10-19,1,898500.0,161600.0,307.0,21,Sunday
defyourlove,2023-09-25 15:16:56+00:00,88400,550,1242,1200000,0.07516,2023-09-25,1,1200000.0,88400.0,550.0,15,Monday
aleksandrahoeye,2025-11-17 23:24:40+00:00,108500,145,1507,482600,0.2282469954413593,2025-11-17,1,482600.0,108500.0,145.0,23,Monday
cinarminarmk,2025-03-08 17:46:07+00:00,24800,94,862,187300,0.1375120128136679,2025-03-08,1,187300.0,24800.0,94.0,17,Saturday
trenborina,2025-10-21 14:50:06+00:00,68700,430,2464,787500,0.0909130158730158,2025-10-21,1,787500.0,68700.0,430.0,14,Tuesday
fitnessninja2025,2025-11-26 17:03:07+00:00,5157,30,1772,225700,0.0308329641116526,2025-11-26,1,225700.0,5157.0,30.0,17,Wednesday
crossfitcenter,2025-06-25 04:01:46+00:00,78600,925,4139,1200000,0.06972,2025-06-25,1,1200000.0,78600.0,925.0,4,Wednesday
workouts_zone,2025-05-02 17:22:17+00:00,11500,200,5038,723100,0.0231475591204536,2025-05-02,1,723100.0,11500.0,200.0,17,Friday
eboqodtt,2025-11-08 15:14:17+00:00,546,16,76,33500,0.0190447761194029,2025-11-08,1,33500.0,546.0,16.0,15,Saturday
recfit,2024-10-25 20:13:07+00:00,33500,448,1599,1300000,0.0273438461538461,2024-10-25,1,1300000.0,33500.0,448.0,20,Friday
wickpie,2025-02-08 10:39:02+00:00,12600,81,449,286400,0.0458449720670391,2025-02-08,1,286400.0,12600.0,81.0,10,Saturday
meyouuuno,2025-11-24 13:47:11+00:00,1977,22,46,30000,0.0681666666666666,2025-11-24,1,30000.0,1977.0,22.0,13,Monday
recfit,2024-10-04 15:57:28+00:00,28900,414,1580,1100000,0.0280854545454545,2024-10-04,1,1100000.0,28900.0,414.0,15,Friday
mau.barajaz,2025-07-09 19:31:35+00:00,3330,89,259,101900,0.0360942100098135,2025-07-09,1,101900.0,3330.0,89.0,19,Wednesday
rochet18,2025-07-30 10:27:19+00:00,58000,1025,4527,961200,0.0661173533083645,2025-07-30,1,961200.0,58000.0,1025.0,10,Wednesday
yanmihy,2023-08-12 01:32:30+00:00,851,23,106,50300,0.0194831013916501,2023-08-12,1,50300.0,851.0,23.0,1,Saturday
fitness_world_gym,2025-03-06 14:14:02+00:00,7357,220,244,133000,0.0588045112781954,2025-03-06,1,133000.0,7357.0,220.0,14,Thursday
buca.nicoleta,2023-10-27 16:22:55+00:00,276,2,0,996,0.2791164658634538,2023-10-27,1,996.0,276.0,2.0,16,Friday
musclesworld.mw,2025-06-03 02:30:42+00:00,220,21,16,11000,0.0233636363636363,2025-06-03,1,11000.0,220.0,21.0,2,Tuesday
salenalorelle,2025-08-21 16:42:58+00:00,64,4,0,877,0.0775370581527936,2025-08-21,1,877.0,64.0,4.0,16,Thursday
ni8naa_,2025-06-26 23:42:08+00:00,12000,154,443,163400,0.0770930232558139,2025-06-26,1,163400.0,12000.0,154.0,23,Thursday
lia82140,2025-01-15 07:16:14+00:00,539,34,180,57500,0.013095652173913,2025-01-15,1,57500.0,539.0,34.0,7,Wednesday
funnyvideos0320,2025-10-04 11:07:04+00:00,2072,216,128,440400,0.0054859218891916,2025-10-04,1,440400.0,2072.0,216.0,11,Saturday
uckylqfb,2025-12-05 03:02:28+00:00,2594,176,1059,380900,0.0100525072197427,2025-12-05,1,380900.0,2594.0,176.0,3,Friday
el.seor.2,2025-09-06 14:41:00+00:00,573,71,291,248600,0.0037610619469026,2025-09-06,1,248600.0,573.0,71.0,14,Saturday
that_lifter_guy92,2025-12-26 19:03:23+00:00,6,4,0,155,0.064516129032258,2025-12-26,1,155.0,6.0,4.0,19,Friday
fitnessgirl788,2024-08-08 14:34:45+00:00,26200,217,3434,1100000,0.0271372727272727,2024-08-08,1,1100000.0,26200.0,217.0,14,Thursday
bsmoothe00,2025-12-26 23:06:13+00:00,24,0,0,292,0.0821917808219178,2025-12-26,1,292.0,24.0,0.0,23,Friday
lorrayneoliveiraofc,2025-12-26 22:31:31+00:00,1287,72,4,7550,0.1805298013245033,2025-12-26,1,7550.0,1287.0,72.0,22,Friday
leanortizz,2024-09-03 20:40:32+00:00,167100,140,1221,1300000,0.1295853846153846,2024-09-03,1,1300000.0,167100.0,140.0,20,Tuesday
k.arin.a_h,2025-12-26 22:55:21+00:00,21,3,0,138,0.1739130434782608,2025-12-26,1,138.0,21.0,3.0,22,Friday
gld_anni,2025-12-19 20:09:20+00:00,11200,33,597,128700,0.0919191919191919,2025-12-19,1,128700.0,11200.0,33.0,20,Friday
gld_anni,2025-07-12 21:33:04+00:00,75900,188,3798,843500,0.0947077652637818,2025-07-12,1,843500.0,75900.0,188.0,21,Saturday
jellinawlke,2025-12-20 15:22:18+00:00,282,22,5,3031,0.1019465522929726,2025-12-20,1,3031.0,282.0,22.0,15,Saturday
ricemunchur,2025-07-18 01:53:06+00:00,24800,608,953,217800,0.1210330578512396,2025-07-18,1,217800.0,24800.0,608.0,1,Friday
tenaliso,2025-09-15 14:44:51+00:00,77900,332,1070,275400,0.2879520697167756,2025-09-15,1,275400.0,77900.0,332.0,14,Monday
soleilssofiaa,2025-11-04 18:15:56+00:00,11600,77,191,65900,0.1800910470409711,2025-11-04,1,65900.0,11600.0,77.0,18,Tuesday
diaryoflov3,2025-10-21 20:50:02+00:00,100200,423,1765,546500,0.187352241537054,2025-10-21,1,546500.0,100200.0,423.0,20,Tuesday
jaeinpink,2025-06-16 18:53:21+00:00,107600,925,4209,602200,0.1872035868482232,2025-06-16,1,602200.0,107600.0,925.0,18,Monday
lalunafleurs,2025-10-30 14:53:47+00:00,154000,807,3653,709600,0.2233089064261555,2025-10-30,1,709600.0,154000.0,807.0,14,Thursday
user82736538398243,2025-11-24 22:38:23+00:00,7023,34,144,43500,0.1655402298850574,2025-11-24,1,43500.0,7023.0,34.0,22,Monday
mishtuo,2025-07-30 14:13:38+00:00,73800,417,2005,252300,0.3021086008719778,2025-07-30,1,252300.0,73800.0,417.0,14,Wednesday
r.rxyalty,2025-08-31 17:49:21+00:00,74300,213,952,450300,0.1675882744836775,2025-08-31,1,450300.0,74300.0,213.0,17,Sunday
chriswilson,2025-08-15 17:49:51+00:00,284,7,2,9572,0.0306101128290848,2025-08-15,1,9572.0,284.0,7.0,17,Friday
perttymariam9,2025-11-25 05:37:10+00:00,48400,105,1881,307700,0.163750406239844,2025-11-25,1,307700.0,48400.0,105.0,5,Tuesday
study_forlive,2025-11-17 06:01:03+00:00,45900,50,1079,289500,0.1624490500863558,2025-11-17,1,289500.0,45900.0,50.0,6,Monday
eemlyy,2025-11-21 19:56:04+00:00,116100,232,3109,594300,0.2009776207302709,2025-11-21,1,594300.0,116100.0,232.0,19,Friday
oldkpopculardan,2025-11-24 14:28:01+00:00,179400,1040,5202,904400,0.2052653693056169,2025-11-24,1,904400.0,179400.0,1040.0,14,Monday
mayaneagle,2025-06-22 06:27:57+00:00,147900,473,2860,917700,0.1647956848643347,2025-06-22,1,917700.0,147900.0,473.0,6,Sunday
madyriver,2025-06-11 03:27:01+00:00,213900,1009,3910,1100000,0.1989263636363636,2025-06-11,1,1100000.0,213900.0,1009.0,3,Wednesday
nishu.259,2025-11-19 11:27:52+00:00,4070,302,1408,456000,0.0126754385964912,2025-11-19,1,456000.0,4070.0,302.0,11,Wednesday
ai.videos7936,2025-12-09 11:06:23+00:00,204,4,56,18900,0.0139682539682539,2025-12-09,1,18900.0,204.0,4.0,11,Tuesday
mriceofficial,2025-07-14 22:59:45+00:00,1155,138,123,188100,0.0075279106858054,2025-07-14,1,188100.0,1155.0,138.0,22,Monday
yerielandhailey,2025-09-06 19:46:16+00:00,1455,47,165,108100,0.0154209065679925,2025-09-06,1,108100.0,1455.0,47.0,19,Saturday
denzy.999,2025-07-15 17:16:29+00:00,1198,44,58,206500,0.0062953995157384,2025-07-15,1,206500.0,1198.0,44.0,17,Tuesday
tatakrub8,2025-08-17 02:56:00+00:00,296,36,7,15800,0.0214556962025316,2025-08-17,1,15800.0,296.0,36.0,2,Sunday
grewged22,2022-12-01 14:37:48+00:00,1538,51,80,155300,0.0107469414037347,2022-12-01,1,155300.0,1538.0,51.0,14,Thursday
hanspablio3,2025-11-08 04:59:40+00:00,10500,155,275,375300,0.0291233679722888,2025-11-08,1,375300.0,10500.0,155.0,4,Saturday
ryan_edits46,2025-07-18 03:34:39+00:00,1965,82,43,85900,0.0243306169965075,2025-07-18,1,85900.0,1965.0,82.0,3,Friday
mykids3torun2,2023-11-02 18:39:05+00:00,2166,182,246,490100,0.0052927973882881,2023-11-02,1,490100.0,2166.0,182.0,18,Thursday
lunabaeb,2022-12-19 15:00:31+00:00,319,4,10,52400,0.006354961832061,2022-12-19,1,52400.0,319.0,4.0,15,Monday
rabia77000,2025-10-30 23:43:20+00:00,1138,74,86,169300,0.007666863555818,2025-10-30,1,169300.0,1138.0,74.0,23,Thursday
medz071490,2025-10-20 11:47:24+00:00,203,16,37,38100,0.0067191601049868,2025-10-20,1,38100.0,203.0,16.0,11,Monday
ideas_time,2022-12-01 13:55:17+00:00,1407,0,209,248800,0.0064951768488745,2022-12-01,1,248800.0,1407.0,0.0,13,Thursday
pet_animals00,2025-07-22 02:12:28+00:00,4540,497,414,804800,0.0067731113320079,2025-07-22,1,804800.0,4540.0,497.0,2,Tuesday
adrianolemosof,2025-11-28 13:00:10+00:00,337,22,100,52600,0.0087262357414448,2025-11-28,1,52600.0,337.0,22.0,13,Friday
forfunforfashion,2025-04-21 00:00:00+00:00,608,28,42,97900,0.0069254341164453,2025-04-21,1,97900.0,608.0,28.0,0,Monday
loveanimals087,2023-05-30 20:07:44+00:00,305,18,53,90000,0.0041777777777777,2023-05-30,1,90000.0,305.0,18.0,20,Tuesday
s0cs0,2024-05-05 06:59:51+00:00,2983,23,11,165700,0.018207604103802,2024-05-05,1,165700.0,2983.0,23.0,6,Sunday
miicaela.ayelen95,2025-07-03 23:14:33+00:00,473,79,25,122700,0.0047025264873675,2025-07-03,1,122700.0,473.0,79.0,23,Thursday
7777777linda,2025-08-16 12:01:34+00:00,590,64,29,61200,0.0111601307189542,2025-08-16,1,61200.0,590.0,64.0,12,Saturday
helosa7404,2025-09-07 08:00:00+00:00,820,7,23,24600,0.0345528455284552,2025-09-07,1,24600.0,820.0,7.0,8,Sunday
yomarytv,2025-07-27 23:00:06+00:00,1101,113,64,166800,0.0076618705035971,2025-07-27,1,166800.0,1101.0,113.0,23,Sunday
bera.smith,2025-01-03 05:40:20+00:00,2559,127,99,259500,0.0107321772639691,2025-01-03,1,259500.0,2559.0,127.0,5,Friday
boo_boo845,2025-09-10 16:48:18+00:00,2000,303,494,349000,0.0080143266475644,2025-09-10,1,349000.0,2000.0,303.0,16,Wednesday
clean_master18,2025-03-31 21:39:34+00:00,290,12,15,107000,0.0029626168224299,2025-03-31,1,107000.0,290.0,12.0,21,Monday
catapttwo,2025-12-20 05:49:27+00:00,264,75,134,6987,0.0676971518534421,2025-12-20,1,6987.0,264.0,75.0,5,Saturday
baby_baby_cilik,2025-11-29 16:18:18+00:00,76,8,2,13000,0.0066153846153846,2025-11-29,1,13000.0,76.0,8.0,16,Saturday
jms.lynn,2025-12-18 03:02:31+00:00,331,4,7,18300,0.0186885245901639,2025-12-18,1,18300.0,331.0,4.0,3,Thursday
juanbernardonieto24,2025-08-16 21:17:23+00:00,400,6,18,62800,0.0067515923566878,2025-08-16,1,62800.0,400.0,6.0,21,Saturday
cynnic1,2025-06-08 11:01:49+00:00,713,46,64,78100,0.0105377720870678,2025-06-08,1,78100.0,713.0,46.0,11,Sunday
utikkecil,2025-06-16 07:11:12+00:00,152,3,4,19700,0.0080710659898477,2025-06-16,1,19700.0,152.0,3.0,7,Monday
ansel.ryder,2025-08-07 10:51:10+00:00,1605,892,103,76400,0.0340314136125654,2025-08-07,1,76400.0,1605.0,892.0,10,Thursday
jieralyn.sanchez,2025-10-24 11:05:10+00:00,490,39,19,97500,0.0056205128205128,2025-10-24,1,97500.0,490.0,39.0,11,Friday
migne_00,2023-01-02 14:39:49+00:00,1126,81,65,108400,0.0117343173431734,2023-01-02,1,108400.0,1126.0,81.0,14,Monday
zhaoyueqing245,2025-08-30 14:18:58+00:00,473,22,6,16900,0.0296449704142011,2025-08-30,1,16900.0,473.0,22.0,14,Saturday
jehanness,2025-09-04 13:42:58+00:00,128,12,3,16000,0.0089375,2025-09-04,1,16000.0,128.0,12.0,13,Thursday
haipimtvtc0,2024-03-27 15:18:59+00:00,18,0,2,1790,0.0111731843575419,2024-03-27,1,1790.0,18.0,0.0,15,Wednesday
tk.3379,2025-04-03 13:22:06+00:00,4918,82,158,616100,0.0083720175296218,2025-04-03,1,616100.0,4918.0,82.0,13,Thursday
marbella_lara.r,2023-01-01 23:56:49+00:00,10400,188,58,136000,0.0782794117647058,2023-01-01,1,136000.0,10400.0,188.0,23,Sunday
funnytime727,2025-12-10 08:57:10+00:00,1984,156,120,67700,0.0333825701624815,2025-12-10,1,67700.0,1984.0,156.0,8,Wednesday
marlalaxx,2024-09-08 03:12:40+00:00,1270,46,46,132400,0.0102870090634441,2024-09-08,1,132400.0,1270.0,46.0,3,Sunday
missmayann03,2025-08-21 12:53:41+00:00,214,58,20,46700,0.0062526766595289,2025-08-21,1,46700.0,214.0,58.0,12,Thursday
lvrheartchew,2025-11-17 00:35:53+00:00,19500,340,599,92300,0.2214409534127843,2025-11-17,1,92300.0,19500.0,340.0,0,Monday
jacieeec,2024-11-02 03:28:23+00:00,39300,419,3344,1200000,0.0358858333333333,2024-11-02,1,1200000.0,39300.0,419.0,3,Saturday
mister_am1,2024-12-21 19:09:53+00:00,8224,273,2543,885000,0.0124745762711864,2024-12-21,1,885000.0,8224.0,273.0,19,Saturday
official.babies.c,2025-05-03 20:37:53+00:00,757,55,30,139400,0.0060401721664275,2025-05-03,1,139400.0,757.0,55.0,20,Saturday
khnim.khnim,2025-11-04 09:01:57+00:00,689,40,17,43800,0.0170319634703196,2025-11-04,1,43800.0,689.0,40.0,9,Tuesday
grallucas019,2025-10-30 23:37:14+00:00,168,19,19,46700,0.0044111349036402,2025-10-30,1,46700.0,168.0,19.0,23,Thursday
migne_00,2022-07-31 01:20:00+00:00,434,3,13,20200,0.0222772277227722,2022-07-31,1,20200.0,434.0,3.0,1,Sunday
i_u287,2025-12-05 11:14:21+00:00,509,84,16,38700,0.0157364341085271,2025-12-05,1,38700.0,509.0,84.0,11,Friday
syad_axh,2025-10-14 13:58:34+00:00,8399,100,355,1000000,0.008854,2025-10-14,1,1000000.0,8399.0,100.0,13,Tuesday
juan.jr.oficial0,2025-11-19 04:14:34+00:00,6420,1070,879,722000,0.0115914127423822,2025-11-19,1,722000.0,6420.0,1070.0,4,Wednesday
scientmmh3m,2023-10-10 19:43:55+00:00,1737,334,533,423800,0.0061444077394997,2023-10-10,1,423800.0,1737.0,334.0,19,Tuesday
ig_jaq_quino,2025-09-07 12:15:56+00:00,5694,203,196,453300,0.0134414295168762,2025-09-07,1,453300.0,5694.0,203.0,12,Sunday
marayavillareal,2025-04-12 09:03:14+00:00,565,30,25,31800,0.0194968553459119,2025-04-12,1,31800.0,565.0,30.0,9,Saturday
jules.c33,2022-11-30 20:31:39+00:00,63,2,1,11400,0.0057894736842105,2022-11-30,1,11400.0,63.0,2.0,20,Wednesday
kana35516,2025-11-22 10:02:54+00:00,6,0,0,1833,0.0032733224222585,2025-11-22,1,1833.0,6.0,0.0,10,Saturday
mesolania0,2025-12-18 06:43:40+00:00,12,5,1,1992,0.0090361445783132,2025-12-18,1,1992.0,12.0,5.0,6,Thursday
onlly.you77,2025-12-24 06:24:02+00:00,9,1,0,620,0.0161290322580645,2025-12-24,1,620.0,9.0,1.0,6,Wednesday
jawad140599,2025-12-26 17:04:53+00:00,10,10,0,194,0.1030927835051546,2025-12-26,1,194.0,10.0,10.0,17,Friday
xi3_lx,2025-12-20 21:00:15+00:00,8,1,0,258,0.0348837209302325,2025-12-20,1,258.0,8.0,1.0,21,Saturday
amyloveskoo,2025-12-25 07:31:39+00:00,10,0,0,282,0.0354609929078014,2025-12-25,1,282.0,10.0,0.0,7,Thursday
ysaahbc31,2025-12-24 08:46:02+00:00,5,2,0,376,0.0186170212765957,2025-12-24,1,376.0,5.0,2.0,8,Wednesday
mtdmikko,2025-12-25 08:35:07+00:00,3,0,1,278,0.014388489208633,2025-12-25,1,278.0,3.0,0.0,8,Thursday
fitandglamlife,2023-08-02 02:54:36+00:00,851,2,412,59400,0.0212962962962962,2023-08-02,1,59400.0,851.0,2.0,2,Wednesday
rameirewrightt,2023-08-02 01:16:12+00:00,247900,601,7048,985800,0.2592300669506999,2023-08-02,1,985800.0,247900.0,601.0,1,Wednesday
shredding_w_bz,2025-12-26 19:16:36+00:00,117,2,0,901,0.1320754716981132,2025-12-26,1,901.0,117.0,2.0,19,Friday
rainbowsunshineandclover,2023-08-04 17:34:17+00:00,38000,199,451,520700,0.0742270021125408,2023-08-04,1,520700.0,38000.0,199.0,17,Friday
iam_calvinn,2025-12-26 15:45:01+00:00,250,7,7,1284,0.205607476635514,2025-12-26,1,1284.0,250.0,7.0,15,Friday
tiff.maeee,2024-08-23 05:37:25+00:00,159900,232,3025,815900,0.1999718102708665,2024-08-23,1,815900.0,159900.0,232.0,5,Friday
sonjakay19,2025-12-26 22:44:14+00:00,1,0,0,6,0.1666666666666666,2025-12-26,1,6.0,1.0,0.0,22,Friday
_kyleighreese,2025-12-26 22:57:09+00:00,37,0,0,233,0.1587982832618025,2025-12-26,1,233.0,37.0,0.0,22,Friday
mealeee_,2025-12-26 23:05:56+00:00,34,0,0,274,0.1240875912408759,2025-12-26,1,274.0,34.0,0.0,23,Friday
aboubacar.balde.224,2025-12-26 22:44:33+00:00,117,10,1,745,0.1718120805369127,2025-12-26,1,745.0,117.0,10.0,22,Friday
lheib.ybbil,2025-12-26 22:46:37+00:00,67,1,0,335,0.2029850746268656,2025-12-26,1,335.0,67.0,1.0,22,Friday
lifewithtravis_,2025-12-26 22:48:33+00:00,23,0,0,245,0.0938775510204081,2025-12-26,1,245.0,23.0,0.0,22,Friday
fczn8,2025-12-23 02:14:10+00:00,5993,46,145,51700,0.1196131528046421,2025-12-23,1,51700.0,5993.0,46.0,2,Tuesday
lilium_im1,2025-12-22 10:19:50+00:00,12000,103,171,76100,0.1612877792378449,2025-12-22,1,76100.0,12000.0,103.0,10,Monday
naoshesy,2025-12-20 11:55:20+00:00,1102,0,22,6146,0.182883176049463,2025-12-20,1,6146.0,1102.0,0.0,11,Saturday
yalcinkayasude,2025-12-07 11:53:51+00:00,12600,53,178,90400,0.1419358407079646,2025-12-07,1,90400.0,12600.0,53.0,11,Sunday
stud_yingtiktok,2024-08-12 22:39:11+00:00,209,4,2,1985,0.1083123425692695,2024-08-12,1,1985.0,209.0,4.0,22,Monday
stud_yingtiktok,2024-07-24 02:11:49+00:00,282,1,0,1987,0.1424257674886763,2024-07-24,1,1987.0,282.0,1.0,2,Wednesday
ksu.harmony,2025-09-21 12:07:14+00:00,61700,424,2476,505100,0.127895466244308,2025-09-21,1,505100.0,61700.0,424.0,12,Sunday
mendayuan,2024-04-20 17:18:29+00:00,31000,220,721,755800,0.0422611802064038,2024-04-20,1,755800.0,31000.0,220.0,17,Saturday
tina.lly,2025-12-26 21:46:18+00:00,17,0,1,598,0.0301003344481605,2025-12-26,1,598.0,17.0,0.0,21,Friday
stud_yingtiktok,2024-11-11 23:50:51+00:00,198,4,22,1387,0.1614996395097332,2024-11-11,1,1387.0,198.0,4.0,23,Monday
stud_yingtiktok,2025-01-01 10:54:45+00:00,280,1,4,1828,0.1559080962800875,2025-01-01,1,1828.0,280.0,1.0,10,Wednesday
stud_yingtiktok,2025-01-13 00:44:55+00:00,178,2,3,1646,0.1111786148238153,2025-01-13,1,1646.0,178.0,2.0,0,Monday
focuswithdina,2025-10-12 21:24:28+00:00,6049,185,734,205900,0.0338416707139388,2025-10-12,1,205900.0,6049.0,185.0,21,Sunday
cadi.llac,2025-09-02 06:26:43+00:00,2067,187,90,331300,0.0070751584666465,2025-09-02,1,331300.0,2067.0,187.0,6,Tuesday
studywithemmane_,2025-05-09 23:48:36+00:00,127600,340,1474,991300,0.1305497831130838,2025-05-09,1,991300.0,127600.0,340.0,23,Friday
realshadi1,2025-01-12 10:14:55+00:00,53000,251,3029,435400,0.1292604501607717,2025-01-12,1,435400.0,53000.0,251.0,10,Sunday
milbakess,2024-09-22 20:06:31+00:00,57800,353,1161,423700,0.1399905593580363,2024-09-22,1,423700.0,57800.0,353.0,20,Sunday
_byyhannah,2025-02-20 18:15:27+00:00,25500,148,196,122200,0.2114893617021276,2025-02-20,1,122200.0,25500.0,148.0,18,Thursday
mintallythere,2025-10-02 05:22:19+00:00,138600,436,3525,664600,0.2145064700571772,2025-10-02,1,664600.0,138600.0,436.0,5,Thursday
legallylu,2023-10-16 12:53:26+00:00,9649,9,64,65000,0.1495692307692307,2023-10-16,1,65000.0,9649.0,9.0,12,Monday
chiara_ssh,2024-04-25 15:32:30+00:00,216400,1410,2174,1000000,0.219984,2024-04-25,1,1000000.0,216400.0,1410.0,15,Thursday
gabistudiez,2025-10-18 18:09:26+00:00,74000,91,1422,346700,0.2178050187481973,2025-10-18,1,346700.0,74000.0,91.0,18,Saturday
isitrlzuzia,2025-11-22 17:30:06+00:00,155500,568,4442,777400,0.2064702855672755,2025-11-22,1,777400.0,155500.0,568.0,17,Saturday
malenaa.sch,2025-12-23 20:49:51+00:00,618,1,5,2591,0.2408336549594751,2025-12-23,1,2591.0,618.0,1.0,20,Tuesday
eemlyy,2025-12-26 19:25:53+00:00,1238,3,13,5845,0.2145423438836612,2025-12-26,1,5845.0,1238.0,3.0,19,Friday
alizada.54,2025-12-24 17:11:49+00:00,6934,23,148,36900,0.1925474254742547,2025-12-24,1,36900.0,6934.0,23.0,17,Wednesday
brunettediary2,2025-12-24 16:10:03+00:00,1101,8,15,4776,0.2353433835845896,2025-12-24,1,4776.0,1101.0,8.0,16,Wednesday
liddellfitness,2025-04-12 22:26:15+00:00,99500,309,2364,670800,0.1523151460942158,2025-04-12,1,670800.0,99500.0,309.0,22,Saturday
nicofelich,2024-01-25 18:47:58+00:00,94500,403,2492,996200,0.097766512748444,2024-01-25,1,996200.0,94500.0,403.0,18,Thursday
julihasthecats,2025-12-26 22:45:32+00:00,59,1,2,430,0.1441860465116279,2025-12-26,1,430.0,59.0,1.0,22,Friday
leasecretgirlacc,2025-12-26 22:29:33+00:00,15,0,0,100,0.15,2025-12-26,1,100.0,15.0,0.0,22,Friday
thatsmom4u,2025-12-26 22:47:52+00:00,2,0,0,86,0.0232558139534883,2025-12-26,1,86.0,2.0,0.0,22,Friday
rodaswillian1,2025-12-26 22:59:07+00:00,2,0,0,18,0.1111111111111111,2025-12-26,1,18.0,2.0,0.0,22,Friday
mari.diary0x,2025-12-15 15:20:29+00:00,5483,36,102,27600,0.203659420289855,2025-12-15,1,27600.0,5483.0,36.0,15,Monday
studyingwithshrisha,2025-12-17 13:19:28+00:00,2836,8,49,11800,0.2451694915254237,2025-12-17,1,11800.0,2836.0,8.0,13,Wednesday
vviral24,2025-02-18 18:00:00+00:00,1521,56,62,359400,0.0045603784084585,2025-02-18,1,359400.0,1521.0,56.0,18,Tuesday
respect.dohee,2023-01-20 12:07:14+00:00,52,0,2,2712,0.0199115044247787,2023-01-20,1,2712.0,52.0,0.0,12,Friday
klevistx,2025-09-15 20:42:50+00:00,317,55,65,56600,0.0077208480565371,2025-09-15,1,56600.0,317.0,55.0,20,Monday
number2674946,2025-03-30 23:32:33+00:00,51500,161,6910,305900,0.1914710689767898,2025-03-30,1,305900.0,51500.0,161.0,23,Sunday
respect.dohee,2023-01-13 15:23:02+00:00,65,4,7,7211,0.0105394536125364,2023-01-13,1,7211.0,65.0,4.0,15,Friday
carolinendez31,2025-09-28 00:59:17+00:00,106,16,5,11300,0.0112389380530973,2025-09-28,1,11300.0,106.0,16.0,0,Sunday
mamaandherdaughters,2025-04-22 21:03:09+00:00,89900,289,382,504300,0.1795974618282768,2025-04-22,1,504300.0,89900.0,289.0,21,Tuesday
marktakeoverr,2024-05-05 03:27:35+00:00,50700,95,1217,337900,0.1539271973956792,2024-05-05,1,337900.0,50700.0,95.0,3,Sunday
trending.vlog521,2024-12-19 07:58:33+00:00,13600,429,368,294100,0.0489527371642298,2024-12-19,1,294100.0,13600.0,429.0,7,Thursday
ria.officel,2025-02-02 13:31:53+00:00,4625,70,120,835200,0.0057650862068965,2025-02-02,1,835200.0,4625.0,70.0,13,Sunday
alisha_vlogz,2025-12-01 16:01:27+00:00,279,13,19,11900,0.0261344537815126,2025-12-01,1,11900.0,279.0,13.0,16,Monday
noor55.51,2025-11-28 12:37:36+00:00,2464,175,36,87900,0.0304323094425483,2025-11-28,1,87900.0,2464.0,175.0,12,Friday
nadiakvlog0,2025-12-13 11:03:30+00:00,8933,498,2403,865400,0.0136746013404206,2025-12-13,1,865400.0,8933.0,498.0,11,Saturday
hot_vlogs,2025-10-26 09:34:28+00:00,4675,265,460,591500,0.0091293322062552,2025-10-26,1,591500.0,4675.0,265.0,9,Sunday
ramiavlog,2025-07-19 09:29:39+00:00,32300,671,418,937600,0.0356111348122866,2025-07-19,1,937600.0,32300.0,671.0,9,Saturday
kino.vimly,2025-09-29 09:21:10+00:00,3740,355,235,284900,0.0151983151983151,2025-09-29,1,284900.0,3740.0,355.0,9,Monday
anushaa_dhungana,2025-10-23 14:29:13+00:00,953,85,27,17100,0.0622807017543859,2025-10-23,1,17100.0,953.0,85.0,14,Thursday
astro._kn,2025-03-24 23:59:05+00:00,9736,54,2055,404500,0.0292830655129789,2025-03-24,1,404500.0,9736.0,54.0,23,Monday
quyh_uhn,2025-07-30 09:54:20+00:00,1714,35,158,85600,0.0222780373831775,2025-07-30,1,85600.0,1714.0,35.0,9,Wednesday
zoyafamily0_1,2025-11-06 15:19:38+00:00,4056,106,155,121900,0.0354142739950779,2025-11-06,1,121900.0,4056.0,106.0,15,Thursday
uplifted_1999,2025-03-07 11:27:37+00:00,30600,343,3708,1500000,0.0231006666666666,2025-03-07,1,1500000.0,30600.0,343.0,11,Friday
iranaretzz,2025-06-13 00:48:36+00:00,1352,13,525,129100,0.0146398140975987,2025-06-13,1,129100.0,1352.0,13.0,0,Friday
moimagcf41u,2025-12-22 13:13:22+00:00,2662,23,90,737500,0.0037627118644067,2025-12-22,1,737500.0,2662.0,23.0,13,Monday
mjwoww,2025-07-14 23:36:01+00:00,4146,97,191,222500,0.0199280898876404,2025-07-14,1,222500.0,4146.0,97.0,23,Monday
ruruka_13,2025-03-17 22:24:28+00:00,32900,479,368,789900,0.0427231295100645,2025-03-17,1,789900.0,32900.0,479.0,22,Monday
mon7a_sui,2025-09-27 03:11:23+00:00,8407,255,165,426600,0.0206915142991092,2025-09-27,1,426600.0,8407.0,255.0,3,Saturday
lucas.kth,2023-12-15 23:39:27+00:00,30400,105,3230,620600,0.0543586851434096,2023-12-15,1,620600.0,30400.0,105.0,23,Friday
viragadam_,2025-03-01 12:17:38+00:00,14900,87,1655,109000,0.1526788990825688,2025-03-01,1,109000.0,14900.0,87.0,12,Saturday
cairabluemel,2025-06-28 11:17:18+00:00,56000,168,1102,456800,0.1253721541155867,2025-06-28,1,456800.0,56000.0,168.0,11,Saturday
elysianboy,2025-12-25 19:46:27+00:00,16,0,0,860,0.0186046511627906,2025-12-25,1,860.0,16.0,0.0,19,Thursday
_riverafit,2025-06-29 15:59:24+00:00,42800,584,4095,510400,0.093023119122257,2025-06-29,1,510400.0,42800.0,584.0,15,Sunday
quince.fit,2025-04-28 07:30:26+00:00,16300,92,2641,922200,0.0206386900889178,2025-04-28,1,922200.0,16300.0,92.0,7,Monday
laurinwfit,2025-12-03 22:00:09+00:00,50,3,1,705,0.076595744680851,2025-12-03,1,705.0,50.0,3.0,22,Wednesday
iain.conley,2024-04-30 12:39:36+00:00,3571,9,177,70100,0.0535948644793152,2024-04-30,1,70100.0,3571.0,9.0,12,Tuesday
workouttips98,2025-10-11 12:00:00+00:00,1030,10,74,49100,0.0226883910386965,2025-10-11,1,49100.0,1030.0,10.0,12,Saturday
markomaksim,2025-04-25 10:29:21+00:00,3088,130,74,576500,0.0057103209019947,2025-04-25,1,576500.0,3088.0,130.0,10,Friday
malakinolasco,2025-05-14 22:03:48+00:00,2247,13,50,26700,0.0865168539325842,2025-05-14,1,26700.0,2247.0,13.0,22,Wednesday
calvinboling,2024-08-05 00:53:45+00:00,3173,38,73,47600,0.0689915966386554,2024-08-05,1,47600.0,3173.0,38.0,0,Monday
fitbynes5,2024-06-06 20:41:03+00:00,3665,98,216,205000,0.0194097560975609,2024-06-06,1,205000.0,3665.0,98.0,20,Thursday
bradyewlu7q,2025-03-31 22:21:58+00:00,2722,42,112,50000,0.05752,2025-03-31,1,50000.0,2722.0,42.0,22,Monday
chiaracardesii,2024-12-03 21:15:48+00:00,2955,28,327,106500,0.0310798122065727,2024-12-03,1,106500.0,2955.0,28.0,21,Tuesday
gymmarthaa,2025-04-03 16:58:33+00:00,1542,13,44,24500,0.0652653061224489,2025-04-03,1,24500.0,1542.0,13.0,16,Thursday
juliehestaas,2023-10-24 12:04:00+00:00,5296,31,100,160000,0.03391875,2023-10-24,1,160000.0,5296.0,31.0,12,Tuesday
usaaircraf03,2025-07-25 14:24:57+00:00,147,15,24,8741,0.0212790298592838,2025-07-25,1,8741.0,147.0,15.0,14,Friday
sweat_h_ub,2025-07-30 20:45:05+00:00,1076,46,24,336600,0.0034046345811051,2025-07-30,1,336600.0,1076.0,46.0,20,Wednesday
paisjefitnesi,2025-12-26 13:42:04+00:00,4,0,0,476,0.0084033613445378,2025-12-26,1,476.0,4.0,0.0,13,Friday
dimi_gym,2025-12-24 20:35:03+00:00,3,0,0,794,0.0037783375314861,2025-12-24,1,794.0,3.0,0.0,20,Wednesday
dylankieu_,2025-10-15 11:56:55+00:00,322,14,4,4295,0.079161816065192,2025-10-15,1,4295.0,322.0,14.0,11,Wednesday
workout_zone34,2025-12-26 19:00:00+00:00,42,1,1,635,0.0692913385826771,2025-12-26,1,635.0,42.0,1.0,19,Friday
the_ezurike,2025-08-26 09:12:31+00:00,5,1,1,502,0.0139442231075697,2025-08-26,1,502.0,5.0,1.0,9,Tuesday
topiasn,2025-12-26 16:23:07+00:00,843,10,24,5546,0.1581319870176704,2025-12-26,1,5546.0,843.0,10.0,16,Friday
pandafitness7,2025-09-15 14:24:31+00:00,895,3,30,15800,0.0587341772151898,2025-09-15,1,15800.0,895.0,3.0,14,Monday
plugloveteya,2025-12-26 18:27:11+00:00,6,0,0,95,0.0631578947368421,2025-12-26,1,95.0,6.0,0.0,18,Friday
meyouuuno,2025-12-26 17:49:51+00:00,305,2,7,2774,0.1131939437635183,2025-12-26,1,2774.0,305.0,2.0,17,Friday
liftwmills,2025-12-26 14:51:11+00:00,37,13,1,410,0.124390243902439,2025-12-26,1,410.0,37.0,13.0,14,Friday
audrey_fit,2024-06-01 15:34:10+00:00,116400,1482,1337,1300000,0.091706923076923,2024-06-01,1,1300000.0,116400.0,1482.0,15,Saturday
felinescience,2025-06-12 00:45:42+00:00,1501,25,7,31800,0.0482075471698113,2025-06-12,1,31800.0,1501.0,25.0,0,Thursday
tk.3379,2025-02-17 11:48:30+00:00,2901,52,72,478500,0.0063218390804597,2025-02-17,1,478500.0,2901.0,52.0,11,Monday
sleepynanoo,2025-04-23 13:21:52+00:00,16800,213,329,76700,0.2261016949152542,2025-04-23,1,76700.0,16800.0,213.0,13,Wednesday
ash_ashdo,2025-11-11 10:09:58+00:00,91300,452,2532,593200,0.1589413351314902,2025-11-11,1,593200.0,91300.0,452.0,10,Tuesday
kaylanniesoto,2025-11-05 22:46:40+00:00,77900,70,1743,334400,0.2383761961722488,2025-11-05,1,334400.0,77900.0,70.0,22,Wednesday
notedandneat,2025-07-22 09:57:55+00:00,199900,795,5389,952200,0.2164293215710985,2025-07-22,1,952200.0,199900.0,795.0,9,Tuesday
studygr4mrly,2025-10-27 13:28:19+00:00,264400,681,6928,1000000,0.272009,2025-10-27,1,1000000.0,264400.0,681.0,13,Monday
panmowka,2025-10-13 04:58:23+00:00,160300,503,3627,638300,0.2576061413128623,2025-10-13,1,638300.0,160300.0,503.0,4,Monday
f1rti2,2025-08-31 02:13:17+00:00,141200,735,3675,765500,0.1902155453951665,2025-08-31,1,765500.0,141200.0,735.0,2,Sunday
mypreciousdiary8,2023-12-08 11:48:27+00:00,52100,273,282,402800,0.130722442899702,2023-12-08,1,402800.0,52100.0,273.0,11,Friday
girl.idek.111,2024-09-14 08:13:09+00:00,61600,141,733,325700,0.1918145532698802,2024-09-14,1,325700.0,61600.0,141.0,8,Saturday
luna16_c,2025-09-30 05:29:11+00:00,115000,549,2044,592700,0.1984022270963387,2025-09-30,1,592700.0,115000.0,549.0,5,Tuesday
vzy0501,2025-06-19 06:45:09+00:00,105900,443,2220,637400,0.1703216190775023,2025-06-19,1,637400.0,105900.0,443.0,6,Thursday
studywtiffy,2025-07-18 06:16:47+00:00,175700,495,3670,1100000,0.1635136363636363,2025-07-18,1,1100000.0,175700.0,495.0,6,Friday
alvesfrancy920,2025-12-26 22:55:13+00:00,2,0,0,86,0.0232558139534883,2025-12-26,1,86.0,2.0,0.0,22,Friday
pedropabloamado,2025-12-26 23:11:59+00:00,10,1,0,75,0.1466666666666666,2025-12-26,1,75.0,10.0,1.0,23,Friday
sexccblackmff,2025-12-26 23:02:11+00:00,148,3,5,483,0.3229813664596273,2025-12-26,1,483.0,148.0,3.0,23,Friday
kloecsiu,2023-09-10 03:14:24+00:00,98,17,12,37300,0.0034048257372654,2023-09-10,1,37300.0,98.0,17.0,3,Sunday
alishamnow,2025-12-26 23:04:46+00:00,40,1,0,276,0.1485507246376811,2025-12-26,1,276.0,40.0,1.0,23,Friday
emeowie,2025-12-26 22:42:07+00:00,48,8,1,284,0.2007042253521127,2025-12-26,1,284.0,48.0,8.0,22,Friday
justice_rayytv,2025-12-26 22:44:54+00:00,76,7,58,2689,0.0524358497582744,2025-12-26,1,2689.0,76.0,7.0,22,Friday
neyna_dary,2025-12-26 23:03:23+00:00,215,9,0,1143,0.1959755030621172,2025-12-26,1,1143.0,215.0,9.0,23,Friday
rashellthadoll,2025-08-22 22:55:14+00:00,7059,33,51,27900,0.2560215053763441,2025-08-22,1,27900.0,7059.0,33.0,22,Friday
iluvv.harleighhh,2025-11-27 23:09:05+00:00,121600,838,2529,742800,0.1682377490576198,2025-11-27,1,742800.0,121600.0,838.0,23,Thursday
editedbyjoseph,2025-07-31 10:20:26+00:00,84300,252,4328,714400,0.1244120940649496,2025-07-31,1,714400.0,84300.0,252.0,10,Thursday
tenaliso,2025-09-11 14:36:20+00:00,87900,227,1674,349400,0.2570148826559816,2025-09-11,1,349400.0,87900.0,227.0,14,Thursday
yoojinjeong,2025-02-05 17:24:33+00:00,49100,133,857,321100,0.1559950171286203,2025-02-05,1,321100.0,49100.0,133.0,17,Wednesday
luna.kiiimm,2025-12-02 11:28:40+00:00,8027,63,254,48700,0.1713347022587269,2025-12-02,1,48700.0,8027.0,63.0,11,Tuesday
lifeasvall,2025-12-04 04:18:39+00:00,9170,649,259,50200,0.2007569721115537,2025-12-04,1,50200.0,9170.0,649.0,4,Thursday
gae4hrv,2025-11-28 13:46:15+00:00,50900,1215,3515,305300,0.1822142155257124,2025-11-28,1,305300.0,50900.0,1215.0,13,Friday
pnklvr224,2025-04-13 15:12:04+00:00,9658,58,297,77600,0.1290335051546391,2025-04-13,1,77600.0,9658.0,58.0,15,Sunday
studyweve,2025-12-26 14:26:12+00:00,1034,5,5,5217,0.2001150086256469,2025-12-26,1,5217.0,1034.0,5.0,14,Friday
studytok4871,2025-12-22 20:21:33+00:00,806,6,14,4151,0.1989881956155143,2025-12-22,1,4151.0,806.0,6.0,20,Monday
caramel.studyy,2025-12-26 14:00:25+00:00,1147,24,14,7428,0.1595315024232633,2025-12-26,1,7428.0,1147.0,24.0,14,Friday
farraiva,2025-10-11 09:04:18+00:00,20400,34,1319,116500,0.1867210300429184,2025-10-11,1,116500.0,20400.0,34.0,9,Saturday
study_glowx,2025-12-25 19:01:31+00:00,4480,41,78,17000,0.2705294117647059,2025-12-25,1,17000.0,4480.0,41.0,19,Thursday
j3ssica.kwok,2025-11-28 06:05:44+00:00,28800,81,460,123000,0.2385447154471544,2025-11-28,1,123000.0,28800.0,81.0,6,Friday
noemi.ssy,2025-01-02 09:40:39+00:00,2187,4,33,16500,0.1347878787878788,2025-01-02,1,16500.0,2187.0,4.0,9,Thursday
fczn8,2025-12-22 00:03:20+00:00,7691,35,192,49800,0.1589959839357429,2025-12-22,1,49800.0,7691.0,35.0,0,Monday
mairgaret,2025-12-19 19:34:30+00:00,11900,36,249,37000,0.3293243243243243,2025-12-19,1,37000.0,11900.0,36.0,19,Friday
cemreoe,2025-12-08 21:24:35+00:00,45400,82,1331,177200,0.2641817155756207,2025-12-08,1,177200.0,45400.0,82.0,21,Monday
thescentofsummernights,2025-12-25 11:41:14+00:00,4386,278,260,13300,0.3702255639097744,2025-12-25,1,13300.0,4386.0,278.0,11,Thursday
sleep.010,2025-05-29 05:45:07+00:00,29800,152,656,143000,0.214041958041958,2025-05-29,1,143000.0,29800.0,152.0,5,Thursday
yg_omz,2025-04-20 13:32:43+00:00,19300,238,3746,291600,0.0798491083676268,2025-04-20,1,291600.0,19300.0,238.0,13,Sunday
mmd.fitness5,2025-12-24 20:55:45+00:00,10,0,0,727,0.0137551581843191,2025-12-24,1,727.0,10.0,0.0,20,Wednesday
robathletics,2025-12-21 19:25:52+00:00,88,5,4,2108,0.0460151802656546,2025-12-21,1,2108.0,88.0,5.0,19,Sunday
michilife7,2025-12-26 10:08:43+00:00,17,2,1,251,0.0796812749003984,2025-12-26,1,251.0,17.0,2.0,10,Friday
barteksw_,2025-03-27 21:57:21+00:00,4795,26,590,34400,0.1572965116279069,2025-03-27,1,34400.0,4795.0,26.0,21,Thursday
gonzalo.img,2025-07-03 22:36:23+00:00,29200,276,5601,898200,0.0390525495435315,2025-07-03,1,898200.0,29200.0,276.0,22,Thursday
yulia_led_,2025-05-09 08:43:02+00:00,3557,10,983,186800,0.0243576017130621,2025-05-09,1,186800.0,3557.0,10.0,8,Friday
craigbsreviews,2025-12-23 14:46:05+00:00,3,0,0,472,0.0063559322033898,2025-12-23,1,472.0,3.0,0.0,14,Tuesday
kemel.ygz,2025-06-16 16:30:57+00:00,1025,15,61,20200,0.0545049504950495,2025-06-16,1,20200.0,1025.0,15.0,16,Monday
wickpie,2024-12-16 13:06:58+00:00,27000,157,1015,640900,0.0439569355593696,2024-12-16,1,640900.0,27000.0,157.0,13,Monday
rainbow_hairstyling,2021-01-30 17:32:42+00:00,105,3,1,2589,0.0421011973735032,2021-01-30,1,2589.0,105.0,3.0,17,Saturday
geograpyh.geniuse,2025-03-19 16:00:51+00:00,87500,241,1561,1200000,0.0744183333333333,2025-03-19,1,1200000.0,87500.0,241.0,16,Wednesday
evimawete,2025-12-24 17:04:50+00:00,292,12,7,2846,0.1092761770906535,2025-12-24,1,2846.0,292.0,12.0,17,Wednesday
